"claim_id","path","line","claim_text","domain","risk","source_type","source_location","scope","status","decision"
"MC-0001","01-项目/meta-abilities/自学.md","28","这就是学校出来的你面对的真实世界。学校是那个有妈妈在的厨房——课表告诉你这个学期学什么、每周几节课、考试考什么。你从六岁到十八岁被训练成了一个优秀的""课表执行者""。毕业那天你拿到一张完全空白的课表——世界说""你自己填""。你愣住了。十二年的教育没有教过你一件事：怎么自己设计课表。","learning-behavior","P1","unverified-secondary-note","unknown","blocked-chapter-source","resolved-qualified","qualify"
"MC-0002","01-项目/meta-abilities/自学.md","40","大多数人的自学失败不是因为不够专注——是从来不给发散模式留时间。一整天坐在桌前硬啃，不散步、不洗澡、不睡觉——发散模式从来没有被激活过。Oakley称之为""Einstellung效应""——你在一个问题上卡住了，越想越卡，因为你被困在了同一个神经回路的循环里。唯一的解药是""走开一会儿""——让发散模式接手。","medical-health","P0","unverified-secondary-note","unknown","blocked-chapter-source","resolved-qualified","qualify"
"MC-0003","01-项目/meta-abilities/自学.md","65","Young的元学习法则：在投入任何领域之前，先花总学习时间的10%研究""这个领域里最有效的人是怎么学的""。不看他们学了什么内容——看他们的学习策略。按什么顺序？用什么工具？怎么检验？放弃了什么？这10%的时间投入，在后面90%的学习时间里能收回十倍以上的效率。","learning-behavior","P1","unverified-secondary-note","unknown","blocked-chapter-source","resolved-qualified","qualify"
"MC-0004","01-项目/meta-abilities/自学.md","85","考试结果：第二个人比他高30%。不是因为他更聪明——是因为他的大脑在每一次""费力提取""的时候都把对应的神经连接加固了一次。第一个人只是在反复刷""看起来很熟悉""的视觉信号。","medical-health","P0","unverified-secondary-note","unknown","blocked-chapter-source","resolved-qualified","qualify"
"MC-0005","01-项目/meta-abilities/自学.md","96","Josh Waitzkin——国际象棋神童，11岁拿了全美冠军。后来转行打太极推手——又拿了世界冠军。两个完全不相关的领域，同一个人，两次达到世界顶级。","learning-behavior","P1","unverified-secondary-note","unknown","blocked-chapter-source","resolved-qualified","qualify"
"MC-0006","01-项目/meta-abilities/自学.md","98","他在《学习的艺术》里揭示了一个反直觉的事实：顶尖学习者和普通人的区别不在天赋——在时间分配。普通人把90%时间花在舒适区（已经会的东西，练起来很舒服），9%花在恐慌区（完全不会，练两下就放弃），只有1%花在两者之间的""那道缝""里。","learning-behavior","P1","unverified-secondary-note","unknown","blocked-chapter-source","resolved-qualified","qualify"
"MC-0007","01-项目/meta-abilities/自学.md","100","Waitzkin把90%时间花在那道缝里。","learning-behavior","P1","unverified-secondary-note","unknown","blocked-chapter-source","resolved-qualified","qualify"
"MC-0008","01-项目/meta-abilities/自学.md","110","Ericsson最反直觉的结论：刻意练习每天的上限是4-5小时。超过这个时间——专注力不足以维持在""那道缝""里，你会滑回舒适区（做机械重复）。再多练只是在累积疲劳，不是在进步。这就是为什么顶级音乐学院的学生每天最多练4-5小时——不是他们不想多练，是多练没用。","learning-behavior","P1","unverified-secondary-note","unknown","blocked-chapter-source","resolved-qualified","qualify"
"MC-0009","01-项目/meta-abilities/自学.md","124","那么问题来了：你手把手怎么找到自己的缝、怎么在里面待住、怎么知道自己确实在进步？先搞清楚你现在站在哪里。选任何一个你在练习的技能，从最简单的版本开始逐步增加难度。在每个难度停下来自评主观用力感——1分是完全不用脑，5分是需要用力但不焦虑，10分是想放弃。当你开始感到4到5分的那个难度，就是你的舒适区边界。边界以上一点，5到7分之间，就是那道缝。边界以上很多、8到10分，是恐慌区。把这个边界值记录下来——这就是你的起点。","medical-health","P0","unverified-secondary-note","unknown","blocked-chapter-source","resolved-qualified","qualify"
"MC-0010","01-项目/meta-abilities/自学.md","126","接下来定义你要往哪里去。目标不是在终点线才叫成功——在当前缝的难度上连续完成3次，主观用力感稳定在4到7之间，且3次的质量波动不超过20%，就算达标。达标之后把难度往上调一级，进入新的缝。未达标就继续在当前缝驻留。","learning-behavior","P1","unverified-secondary-note","unknown","blocked-chapter-source","resolved-qualified","qualify"
"MC-0011","01-项目/meta-abilities/自学.md","128","问题是大多数人卡在哪一步？差距通常不是""不够努力""，而是缝里待的时间不够。检查你过去一周的练习日志：缝内练习时间占总练习时间的比例是多少？如果低于50%，你就是在逃避缝，退回舒适区。具体的每日操作很简单：先花两分钟做边界测试定位今天的缝，然后用80%的练习时间只在缝里练。每练一次自评用力感——低于4分就加难度，高于7分就减难度，4到7分之间就保持。练完记录缝内完成率和质量波动。每周做一次边界测试，看看舒适区边界有没有往前挪——连续两周边界没动，要么缝内练习时间不足，要么难度调太高了。当你能连续一周在""上个月会让你想放弃""的难度上完成练习，且主观用力感降到5分以下，就说明你已经把曾经的缝变成了新的舒适区——接下来进入下一轮循环。","learning-behavior","P1","unverified-secondary-note","unknown","blocked-chapter-source","resolved-qualified","qualify"
"MC-0012","01-项目/meta-abilities/自学.md","141","格栅模型的三条筛选标准：(1)来自硬科学或经过大量实证验证的领域；(2)足够底层，能跨域迁移——在完全不相关的领域也能用；(3)模型之间互相校准——如果两个模型对同一个问题得出矛盾结论，说明至少一个被误用了。","learning-behavior","P1","unverified-secondary-note","unknown","blocked-chapter-source","resolved-qualified","qualify"
"MC-0013","01-项目/meta-abilities/自学.md","157","每周学一个新概念——不限于你的领域。然后花30分钟强迫连接：这个概念和我已经会的X模型有什么共同结构？比如""自然选择（变异→选择→保留）""和""写作选题策略""有什么共同结构？变异=尝试不同角度。选择=读者数据告诉你哪个角度有效。保留=把有效角度固定为模板。","learning-behavior","P1","unverified-secondary-note","unknown","blocked-chapter-source","resolved-blocked","block"
"MC-0014","01-项目/meta-abilities/自学.md","174","**第四步：教给一个完全不懂的人。** 不是教给同行——教给12岁小孩。你能让他听懂=你真懂了。他某个地方露出困惑的表情=那个地方你该回去重学。","learning-behavior","P1","unverified-secondary-note","unknown","blocked-chapter-source","resolved-qualified","qualify"
"MC-0015","01-项目/meta-abilities/自学.md","186","Feynman后来说这是他学到的关于知识最重要的一课——""知道名字""和""知道东西""是两件完全不同的事。大多数人的自学停在了""知道名字""——能说出概念、引用作者原话、聊天时抛术语。但让他们用自己的话说——说不出来。让他们举非书上的例子——举不出来。让他们教小孩——教不了。","learning-behavior","P1","unverified-secondary-note","unknown","blocked-chapter-source","resolved-qualified","qualify"
"MC-0016","01-项目/meta-abilities/自学.md","197","**注意力**：大脑每秒接收几百万比特的感官信息，但只有几十比特能进入意识。注意力就是""选哪几十比特""的过滤器。没有注意力=信息根本没进入加工通道。这就是为什么被动听讲效率低——你的注意力可能只捕捉到了10%的信息。","learning-behavior","P1","unverified-secondary-note","unknown","blocked-chapter-source","resolved-qualified","qualify"
"MC-0017","01-项目/meta-abilities/自学.md","220","Newport建议把""学习新领域""安排在每天的深度时间块里——那两小时已经保护好了，没有通知、没有打断、前额叶全功率在线。同样一小时的学习——深度时间块里的效果是被打断状态下的3倍以上。","medical-health","P0","unverified-secondary-note","unknown","blocked-chapter-source","resolved-qualified","qualify"
"MC-0018","01-项目/meta-abilities/自学.md","224","不要把自学安排在""有空的时候""——那个时间永远不会来。把它固定在每天深度时间块的头一小时。每天八点到九点——手机在另一个房间，电脑断网——只做一件事：学。","learning-behavior","P1","unverified-secondary-note","unknown","blocked-chapter-source","resolved-qualified","qualify"
"MC-0019","01-项目/meta-abilities/自学.md","230","**元学习日志5分钟**：今天学了什么概念→什么路径→在哪卡住了→卡住后怎么处理的。","learning-behavior","P1","unverified-secondary-note","unknown","blocked-chapter-source","resolved-blocked","block"
"MC-0020","01-项目/meta-abilities/自学.md","231","**间隔检索5分钟**：合上所有资料，白纸画出今天的因果链图。","learning-behavior","P1","unverified-secondary-note","unknown","blocked-chapter-source","resolved-blocked","block"
"MC-0021","01-项目/meta-abilities/自学.md","232","**碎片输出20分钟**：用自己的话写300字——今天学到的最核心的一件事。","learning-behavior","P1","unverified-secondary-note","unknown","blocked-chapter-source","resolved-blocked","block"
"MC-0022","01-项目/meta-abilities/自学.md","235","**跨域强制连接30分钟**：本周新概念+一个已有旧概念——找共同结构。","learning-behavior","P1","unverified-secondary-note","unknown","blocked-chapter-source","resolved-blocked","block"
"MC-0023","01-项目/meta-abilities/自学.md","236","**费曼讲述30分钟**：对镜子或录音机——用完全不接触的人能听懂的白话讲本周核心概念。","learning-behavior","P1","unverified-secondary-note","unknown","blocked-chapter-source","resolved-qualified","qualify"
"MC-0024","01-项目/meta-abilities/自学.md","250","对12岁小孩讲清楚完整因果链。对方问""什么意思""的地方=你没懂的地方。","learning-behavior","P1","unverified-secondary-note","unknown","blocked-chapter-source","resolved-qualified","qualify"
"MC-0025","01-项目/meta-abilities/自学.md","270","Lembke的建议——在每天学习之前安排至少30分钟的""低多巴胺窗口""。不碰屏幕、不听音乐、不摄入精制糖。让受体在这30分钟里从之前的高刺激中回落到基线水平。然后开始学习——此时受体敏感度最高，学习材料释放的多巴胺足以触发""想做""的驱动力。","medical-health","P0","unverified-secondary-note","unknown","blocked-chapter-source","resolved-qualified","qualify"
"MC-0026","01-项目/meta-abilities/自学.md","273","每天在学习之前——从醒来到打开第一本书/文档之间，至少30分钟不碰屏幕。晨光+散步+早餐=受体回落。30分钟后打开学习材料——你会注意到""想学""的感觉比平时更清晰。","medical-health","P0","unverified-secondary-note","unknown","blocked-chapter-source","resolved-qualified","qualify"
"MC-0027","01-项目/meta-abilities/自学.md","280","□ **L1 元学习习惯**：在接触任何新领域前，花10%时间研究""怎么学""，不直接开始学内容。","learning-behavior","P1","unverified-secondary-note","unknown","blocked-chapter-source","resolved-qualified","qualify"
"MC-0028","01-项目/meta-abilities/自学.md","282","□ **L2 舒适区边缘驻留**：每次学习能识别""我是在舒适区重复还是在边缘修正""。如果90%时间在舒适区——回到边缘。","learning-behavior","P1","unverified-secondary-note","unknown","blocked-chapter-source","resolved-qualified","qualify"
"MC-0029","01-项目/meta-abilities/自学.md","292","□ **L7 专注-发散切换**：每25分钟专注+5分钟发散。不发散的学习=低效学习。","learning-behavior","P1","unverified-secondary-note","unknown","blocked-chapter-source","resolved-qualified","qualify"
"MC-0030","01-项目/meta-abilities/自学.md","294","□ **L8 深度工作保护**：每天固定2小时深度时间块——手机在另一个房间、电脑断网。","learning-behavior","P1","unverified-secondary-note","unknown","blocked-chapter-source","resolved-qualified","qualify"
"MC-0031","01-项目/meta-abilities/自学.md","296","□ **L9 多巴胺管理**：学习前30分钟低多巴胺窗口。每周一天低刺激日——让受体上调。","medical-health","P0","unverified-secondary-note","unknown","blocked-chapter-source","resolved-qualified","qualify"
"MC-0032","01-项目/meta-abilities/自学.md","307","每完成一次闭环——你的格栅密度增加一层，自学的""带宽""变宽一次。第五个领域的学习速度是第一个领域的3-5倍——不是因为你更聪明了，是因为你的格栅里有了更多可以和新知识连接的概念模块。新知识不再需要从零开始建底座——它可以直接搭在已有模块上。","learning-behavior","P1","unverified-secondary-note","unknown","blocked-chapter-source","resolved-qualified","qualify"
"MC-0033","01-项目/meta-abilities/自学.md","310","选一个你一直想学但觉得""没时间""的领域。不是""每天学一小时""——是从元学习开始：花一周研究这个领域最有效的三个人是怎么学的。设计自己的学习路径。然后花两周按问题链探索——不按课表。然后一周合成+费曼输出。四周完成一个最小闭环。","learning-behavior","P1","unverified-secondary-note","unknown","blocked-chapter-source","resolved-qualified","qualify"
"MC-0034","01-项目/meta-abilities/自学.md","332","| L1 | 元学习 | 接触新领域前花10%时间研究怎么学 |","learning-behavior","P1","unverified-secondary-note","unknown","blocked-chapter-source","resolved-qualified","qualify"
"MC-0035","01-项目/meta-abilities/自学.md","333","| L2 | 边缘驻留 | 90%学习时间在舒适区边缘那道缝里 |","learning-behavior","P1","unverified-secondary-note","unknown","blocked-chapter-source","resolved-qualified","qualify"
"MC-0036","01-项目/meta-abilities/自学.md","338","| L7 | 专注-发散 | 每25分钟专注+5分钟发散切换 |","learning-behavior","P1","unverified-secondary-note","unknown","blocked-chapter-source","resolved-qualified","qualify"
"MC-0037","01-项目/meta-abilities/自学.md","339","| L8 | 深度保护 | 每天2小时深度时间块（手机关机/电脑断网） |","learning-behavior","P1","unverified-secondary-note","unknown","blocked-chapter-source","resolved-qualified","qualify"
"MC-0038","01-项目/meta-abilities/自学.md","340","| L9 | 多巴胺管理 | 学习前30分钟低多巴胺窗口，每周一天低刺激日 |","medical-health","P0","unverified-secondary-note","unknown","blocked-chapter-source","resolved-qualified","qualify"
"MC-0039","01-项目/meta-abilities/自学.md","348","Ericsson研究了几十年的各领域顶级专家——小提琴家、象棋手、运动员、医生。他发现""一万小时""这个流行概念完全错了——不是""任何领域练一万小时就能成为专家""。对某些领域（如记忆类竞赛）可能几百小时就够了。对其他领域（如科学研究）可能需要两万小时以上。关键不是""多少小时""——是""这些小时里你在做什么""。","learning-behavior","P1","unverified-secondary-note","unknown","blocked-chapter-source","resolved-qualified","qualify"
"MC-0040","01-项目/meta-abilities/自学.md","356","**完全专注**：练习时注意力100%在任务上。半专注的练习=半效果。这不是""可以接受""的——半专注的练习可能是在加固错误的动作模式。每次分心的练习都在告诉大脑""这个动作可以和分心共存""。","learning-behavior","P1","unverified-secondary-note","unknown","blocked-chapter-source","resolved-qualified","qualify"
"MC-0041","01-项目/meta-abilities/自学.md","362","Ericsson最反直觉的结论——刻意练习每天上限4-5小时。超过这个时间，专注力无法维持在边缘修正所需的强度上。继续练只是在累积疲劳，不是在进步。顶级小提琴家的日均练习时间——4.2小时。不是他们不想多练，是多练没用。","learning-behavior","P1","unverified-secondary-note","unknown","blocked-chapter-source","resolved-qualified","qualify"
"MC-0042","01-项目/meta-abilities/自学.md","384","每次学完一个新概念——不要""记下来""。回答三个问题——这个概念和我已有的X概念有什么矛盾或共同结构？如果我完全不信这个概念，我的最强三个反驳是什么？如果我明天必须教会一个人这个概念，我会用什么例子——不是书上给的例子？三个问题强制深层加工。","learning-behavior","P1","unverified-secondary-note","unknown","blocked-chapter-source","resolved-qualified","qualify"
"MC-0043","01-项目/meta-abilities/自学.md","393","**专注模式**：前额叶高度激活，注意力集中在特定问题上。神经活动限制在与任务直接相关的脑区。这是你""努力想""的时候——在已知的神经通路里搜索解决方案。专注模式的问题是：它只能在""你已经知道""的范围内搜索。如果答案在已知范围之外——专注模式永远找不到。","medical-health","P0","unverified-secondary-note","unknown","blocked-chapter-source","resolved-qualified","qualify"
"MC-0044","01-项目/meta-abilities/自学.md","397","Oakley的""学习循环""：专注25分钟（番茄钟）→强制休息5分钟（散步/远眺/闭眼——大脑切换到发散模式，后台自动加工刚学的信息）→再专注25分钟。不是""学得越久越好""——是""专注和发散的交替频率""决定了学习效率。这让人想起爱因斯坦——他在物理问题上卡住时的习惯是拉起小提琴，同事说他不是在休息，而是在换一种方式思考，让那些在专注模式下被困在同一个回路里的信息在发散模式下找到新的连接路径。","learning-behavior","P1","unverified-secondary-note","unknown","blocked-chapter-source","resolved-qualified","qualify"
"MC-0045","01-项目/meta-abilities/自学.md","410","间隔检索的具体操作：(1)学完任何东西后的24小时内——做第一次提取（合上书白纸默写因果链）；(2)72小时后做第二次提取；(3)一周后做第三次；(4)一个月后做第四次。每次提取的间隔逐渐拉长——正好是Ebbinghaus遗忘曲线上的""快遗忘但还没忘""的时间点。这个时间点上的提取效率最高——因为最费力。","learning-behavior","P1","unverified-secondary-note","unknown","blocked-chapter-source","resolved-qualified","qualify"
"MC-0046","01-项目/meta-abilities/自学.md","416","第二个读了一遍之后合上书。白纸默写所有能记住的概念和因果关系。写不出来的留空。然后打开书——只看留空的地方。第二次合书——再默写。第三次。考试——比第一个人高30%。","learning-behavior","P1","unverified-secondary-note","unknown","blocked-chapter-source","resolved-qualified","qualify"
"MC-0047","01-项目/meta-abilities/自学.md","427","**Day 1·元学习（2小时）**：不学内容。研究这个领域最有效的人是怎么学的。找到3个""过来人""的经验——提取他们的学习策略、顺序、工具、检验方式。画自己的学习地图。","learning-behavior","P1","unverified-secondary-note","unknown","blocked-chapter-source","resolved-blocked","block"
"MC-0048","01-项目/meta-abilities/自学.md","429","**Day 2-3·非结构化探索（每天2-3小时）**：按自己的问题链（不是课表）往下挖。允许偏题。偏题通常是你真正在学的起点。每25分钟专注+5分钟发散切换。","learning-behavior","P1","unverified-secondary-note","unknown","blocked-chapter-source","resolved-blocked","block"
"MC-0049","01-项目/meta-abilities/自学.md","431","**Day 4·第一次合成（2小时）**：合上所有资料。白纸默写这两天的因果链。留空的地方=理解空白。标记。不急着填补——先看清自己的理解缺口在哪。","learning-behavior","P1","unverified-secondary-note","unknown","blocked-chapter-source","resolved-blocked","block"
"MC-0050","01-项目/meta-abilities/自学.md","433","**Day 5·填补空白（2-3小时）**：针对留空的地方——定向回到资料中找答案。不是重新读一遍——是""带着问题去查""。每一个空白填补后立即用自己的话写一遍。","learning-behavior","P1","unverified-secondary-note","unknown","blocked-chapter-source","resolved-blocked","block"
"MC-0051","01-项目/meta-abilities/自学.md","435","**Day 6·第二次合成（2小时）**：再次合上所有资料。白纸重新画完整的因果链图。和Day 4的图比较——哪些空白被填上了，哪些还在。","learning-behavior","P1","unverified-secondary-note","unknown","blocked-chapter-source","resolved-blocked","block"
"MC-0052","01-项目/meta-abilities/自学.md","437","**Day 7·费曼输出（3小时）**：写一篇完整文章或录一段讲解。规则——不用任何术语，用自己生活中的例子，在某个地方标注""我不确定的是……""这是暴露最深理解空白的最后一道检验。","learning-behavior","P1","unverified-secondary-note","unknown","blocked-chapter-source","resolved-blocked","block"
"MC-0053","01-项目/meta-abilities/自学.md","440","把Day 7的输出讲给一个完全不接触这个领域的人听。观察对方在哪个地方露出困惑表情——标记。那个地方不是你""没讲好""——是你自己还没真懂。回去重新挖那个节点。费曼验证=学习的最终闭环——教给别人是检验自己理解的唯一诚实方式。","learning-behavior","P1","unverified-secondary-note","unknown","blocked-chapter-source","resolved-blocked","block"
"MC-0054","01-项目/meta-abilities/自学.md","446","元学习笔记5分钟+间隔检索5分钟（白纸默写因果链）+碎片输出20分钟（300字用自己的话写今天最核心的一件事）。","learning-behavior","P1","unverified-secondary-note","unknown","blocked-chapter-source","resolved-blocked","block"
"MC-0055","01-项目/meta-abilities/自学.md","449","跨域强制连接30分钟（本周新概念+一个已有旧概念找共同结构）+费曼讲述30分钟（对镜子或录音机用白话讲本周核心概念）。","learning-behavior","P1","unverified-secondary-note","unknown","blocked-chapter-source","resolved-blocked","block"
"MC-0056","01-项目/meta-abilities/自学.md","452","费曼长文（选本月核心概念写完整论述——不用术语、只用自己例子、标不确定处）+学习策略审计（本月在舒适区/边缘/恐慌区的时间比例——边缘应≥70%）。","learning-behavior","P1","unverified-secondary-note","unknown","blocked-chapter-source","resolved-blocked","block"
"MC-0057","01-项目/meta-abilities/自学.md","469","**机制一：Scott Young的元学习前置——10%时间法则的精确操作。** Young在MIT挑战中最反直觉的操作不是""学得更快""——是""在学之前先不学""。他用整整一周做""元学习""：找到三个之前完成过类似挑战的人，问他们五个问题——按什么顺序学的、每天几小时、哪门最浪费时间、怎么检验自己真懂假懂、如果重来会跳过什么。三份回答画成地图后他才打开课本。这10%的前置时间投入在后续90%的学习中收回十倍效率——因为他在前10%时间里排除了三个过来人验证过的""死路""。大多数人的自学失败在第一周——看到一个新领域，第一反应是""报班""或""买本书从头读到尾""。他们把""怎么学""的决定外包给了培训机构的课程大纲——而培训机构的目标不是让你""学得最快""，是让你""交钱后觉得自己在学""。Young的元学习法则的具体操作：在打开任何课本之前，花一到两天找三个""在这个领域学得很有效的人""（不一定是专家，可以是比你早学半年的人），问他们上面五个问题。把答案整理成一个不超过一页的学习路径。这个路径不需要完美——它只需要比""从第一页读到最后一页""好。好10%就行——10%的路径优势，在90%的执行时间里被放大为几倍的效率。","learning-behavior","P1","unverified-secondary-note","unknown","blocked-chapter-source","resolved-blocked","block"
"MC-0058","01-项目/meta-abilities/自学.md","471","**机制二：Brown的间隔检索——认知心理学最被低估的单一发现。** Brown在《认知天性》里总结了几十年来被反复验证的最具颠覆性的学习发现：你感到""学得最轻松""的方式恰好是效率最低的；你感到""学得最吃力""的方式恰好是效率最高的。反复阅读课本——大脑产生""流畅错觉""（这些内容读起来很熟悉=我理解了），实际记忆保留率极低。自己合上书，白纸默写——大脑在费力提取记忆，每一次费力提取都在物理上加固记忆痕迹。Brown的数据：间隔检索的记忆保留率是反复阅读的2-3倍，但只有不到10%的学生会主动使用间隔检索——因为""费力""让人不舒服，而大脑默认规避不舒服。具体操作：学完新东西后的24小时内做第一次提取（合上书，白纸默写因果链）、72小时后做第二次、一周后第三次、一个月后第四次。每次提取的时间间隔拉长——恰好是Ebbinghaus遗忘曲线上""快遗忘但还没忘""的时间点。这个时间点上的提取效率最高——因为最费力。","learning-behavior","P1","unverified-secondary-note","unknown","blocked-chapter-source","resolved-blocked","block"
"MC-0059","01-项目/meta-abilities/自学.md","473","**机制三：Dehaene的四大支柱——自学的神经科学基座。** Dehaene在《我们如何学习》里用几十年的神经科学实验提炼出人类学习的四个必须条件，缺任何一个，学习效率断崖式下降。注意力——信息进入大脑加工通道的过滤器。没有注意力=信息根本没进入加工通道。被动听讲效率低不是因为""没努力""——是因为你的注意力只捕捉到了输入端的大概10%。主动参与——被动接收的信息几乎不触发神经可塑性。你必须""做""——写、讲、用——才能让大脑把新信息标记为""需要保存""。错误反馈——预测误差（""我以为会发生A但发生了B""）是触发神经可塑性的最强信号。没有反馈的学习=在黑暗中射箭，不知道射没射中。巩固——睡眠期间海马体向皮层转存，间隔重复触发再巩固。四项检查自己每一次学习：注意力全程在线吗、主动参与了吗（用自己的话重组或讲给别人听）、有收到反馈信号吗（知道哪里对哪里错）、昨晚睡眠足够深吗（记忆搬家搬完了吗）。四项都拿不到——你不是在""学习""，是在""输入信息""。","medical-health","P0","unverified-secondary-note","unknown","blocked-chapter-source","resolved-blocked","block"
"MC-0060","01-项目/meta-abilities/自学.md","481","→ **专注（Ch6）**：Newport深度时间块=自学效率的放大器。同样1小时的输入，深度状态下（不被任何通知打断）的信息转存率是被打断状态下的3倍以上。自学不应安排在""有空的时候""——应固定在每天深度时间块的头一小时。","learning-behavior","P1","unverified-secondary-note","unknown","blocked-chapter-source","resolved-blocked","block"
"MC-0061","01-项目/meta-abilities/自学.md","485","→ **戒断（Ch12）**：Lembke学习前低多巴胺窗口=自学效率的生理基础。学习前30分钟不碰屏幕→受体从高刺激中回落→学习材料释放的多巴胺足以触发""想做""的驱动力。没有这个窗口=受体阈值太高，正常学习刺激无法激活。","medical-health","P0","unverified-secondary-note","unknown","blocked-chapter-source","resolved-blocked","block"
"MC-0062","01-项目/meta-abilities/写作.md","62","写作就是那块磨刀石。每天花30分钟写——不是在""砍柴""（产出更多内容），是在""磨刀""（升级你的思考操作系统）。磨刀的时候你看不到产出——你看到的只是""我这30分钟只写了200字""。但一个月后——你的刀快了一倍。同样一小时，你以前写500字，现在写1000字——而且更清晰。","general-methodology","P1","unverified-secondary-note","unknown","blocked-chapter-source","resolved-qualified","qualify"
"MC-0063","01-项目/meta-abilities/写作.md","92","AI可以在30秒内写一篇关于""如何戒掉游戏成瘾""的文章——结构工整、逻辑清晰、引用到位。但它在任何训练数据里都找不到以下东西——","medical-health","P0","unverified-secondary-note","unknown","blocked-chapter-source","resolved-blocked","block"
"MC-0064","01-项目/meta-abilities/写作.md","94","一个具体的人在2023年某个晚上卸载了王者荣耀，截了图发了朋友圈""戒了""，然后七分钟后手指自己点开了应用商店。一个高中生在物理课上偷偷在草稿纸上写C语言代码，因为整个学校没有一个人可以聊编程。一个年轻人在春节饭桌上被问""什么时候找正经工作""的时候喉咙里堵住了但咽回去的那些反驳。","general-methodology","P1","unverified-secondary-note","unknown","blocked-chapter-source","resolved-qualified","qualify"
"MC-0065","01-项目/meta-abilities/写作.md","98","你写的东西里唯一不可替代的部分——就是这部分。不是你总结的多巴胺机制（AI总结得更好）——是你跟多巴胺搏斗的那五十多次卸载里具体发生了什么。不是你引用的Anna Lembke的研究（AI不会搞错引用）——是你读到那个天平图的时候脑子里""等等，这不就是在说我吗""的那个瞬间。","medical-health","P0","unverified-secondary-note","unknown","blocked-chapter-source","resolved-qualified","qualify"
"MC-0066","01-项目/meta-abilities/写作.md","102","怎么写Resonance——写你""不想提""的东西。自我介绍时跳过的那几段。你最怕在饭桌上被问到的问题。你说出来会觉得""太脆弱了""的那些瞬间。这些是AI永远写不出来的——不是因为它们""不好写""，是因为它们不存在于任何公开数据里。","general-methodology","P1","unverified-secondary-note","unknown","blocked-chapter-source","resolved-qualified","qualify"
"MC-0067","01-项目/meta-abilities/写作.md","123","这个练习的唯一目的——让""打开文档→输出文字""变成一个自动化回路。基底节不看质量——看频率。连续21天每天同一个动作——基底节会接管""打开文档""。","medical-health","P0","unverified-secondary-note","unknown","blocked-chapter-source","resolved-qualified","qualify"
"MC-0068","01-项目/meta-abilities/写作.md","137","**费曼长文。** 选一个核心概念——写一篇5000字以上的完整论述。规则：不用任何专业术语（全部用白话重新解释）；用至少三个自己生活中的真实案例（不是书上例子）；标明至少两处""我不确定""；最后附一个""如果有人完全不认同这篇，他可能的三个最强反驳是什么""。","general-methodology","P1","unverified-secondary-note","unknown","blocked-chapter-source","resolved-qualified","qualify"
"MC-0069","01-项目/meta-abilities/写作.md","154","把你写的文章给一个完全不懂这个领域的人看——不是让你问他""好不好""，是看他在哪一段露出困惑的表情。那个地方——是你以为自己写清楚了但实际没写清楚的地方。回去重写那个节点。","general-methodology","P1","unverified-secondary-note","unknown","blocked-chapter-source","resolved-qualified","qualify"
"MC-0070","01-项目/meta-abilities/写作.md","164","Vygotsky提出""最近发展区""——学习最有效的区域是""自己做不到但有人在旁边帮一把就能做到""的区间。写作就是你自己给自己的""脚手架""——你写下一个模糊念头，念头的文字版本反过来告诉你""这里不清楚""""这里缺了一块""""这里自相矛盾""。你修正之后，你的思维被升级了一次。下一轮写作的起点比上一轮高了一点。","general-methodology","P1","unverified-secondary-note","unknown","blocked-chapter-source","resolved-qualified","qualify"
"MC-0071","01-项目/meta-abilities/写作.md","185","James Clear在《原子习惯》里提出的环境设计原则完全适用于写作——让好行为的触发信号明显，让坏行为的触发信号消失。","general-methodology","P1","unverified-secondary-note","unknown","blocked-chapter-source","resolved-qualified","qualify"
"MC-0072","01-项目/meta-abilities/写作.md","187","写作的MVS（最小可行性系统）——每天300字。300字在任何状态下都能完成：感冒能写、失眠能写、被骂了能写。基底节不看质量——看频率。连续21天每天同一时间打开文档——21天后""打开文档""从""需要下定决心""变成基底节的自动化程序。","medical-health","P0","unverified-secondary-note","unknown","blocked-chapter-source","resolved-qualified","qualify"
"MC-0073","01-项目/meta-abilities/写作.md","189","环境三改——充电器移客厅（睡前/晨起不刷手机，保护大脑的最佳写作状态）、电脑建""写作""账户（桌面只有Typora没有娱乐软件——想娱乐得切账户，20秒摩擦足够前额叶追上本能冲动）、文档永远留一行""昨天写到这""（明天打开不是空白——空白触发威胁检测→逃避）。","medical-health","P0","unverified-secondary-note","unknown","blocked-chapter-source","resolved-qualified","qualify"
"MC-0074","01-项目/meta-abilities/写作.md","192","今天花5分钟设三件事——充电器移客厅、电脑桌面只有写作工具、打开文档打一行字""明天从这开始""。三个动作不超过5分钟。不是""明天开始写""——是""今天把环境设好""。明天早上坐到电脑前——环境替你做了第一个决定。","general-methodology","P1","unverified-secondary-note","unknown","blocked-chapter-source","resolved-qualified","qualify"
"MC-0075","01-项目/meta-abilities/写作.md","200","环境设计先消除启动摩擦力。电脑开机自动启动Typora，文档永远留一行""昨天写到这里，今天继续""让明天打开不是空白，电脑桌面只有写作工具——想娱乐得切账户，二十秒摩擦足够前额叶追上逃避冲动。","medical-health","P0","unverified-secondary-note","unknown","blocked-chapter-source","resolved-qualified","qualify"
"MC-0076","01-项目/meta-abilities/写作.md","202","每天只记录三个数据：打开文档了没有（这是唯一不可失败的指标）、写了多少字、""想写""的感觉几分。连续七天百分百打开率就进入下一个字数级别。某天没打开的话第二天不补，继续正常节奏——连续性比单次质量重要。如果连续三天打开文档但没写字，退回到上一个字数级别。如果打开文档本身都做不到，去检查Typora开机自启了吗、快捷方式在桌面最显眼的位置了吗。连续十四天日均三百字且""想写""感五分以上，打开文档已经从""需要下定决心""变成了基底节自动化程序。","medical-health","P0","unverified-secondary-note","unknown","blocked-chapter-source","resolved-qualified","qualify"
"MC-0077","01-项目/meta-abilities/写作.md","218","选一篇旧文。Hook——给朋友看标题，问他预期。Knowledge——圈出所有因果连词（因为/所以/但是/后来发现）。少于5个→因果链不够。Resonance——圈出所有带具体时间和地点的片段。少于2个→共鸣不足。 | Vygotsky·最近发展区","general-methodology","P1","unverified-secondary-note","unknown","blocked-chapter-source","resolved-blocked","block"
"MC-0078","01-项目/meta-abilities/写作.md","230","你连续21天每天早上刷牙。基底节把""刷牙""从需要前额叶决策的动作变成自动程序。你不需""决定""刷牙——你自动就刷了。","medical-health","P0","unverified-secondary-note","unknown","blocked-chapter-source","resolved-qualified","qualify"
"MC-0079","01-项目/meta-abilities/写作.md","232","写作同理。你每天打开文档写300字——不管质量。21天后，""打开文档""从""需要下定决心""变成""自动发生""。基底节接管了这个动作——你的前额叶被释放出来，只需要负责""写什么""。""每周一篇精品""的问题是——频率太低。基底节永远接收不到足够的重复信号来形成自动化。你每次打开文档都需要前额叶做一次完整决策——""要不要写""""写什么""。这个决策本身消耗的能量超过了写作本身。","medical-health","P0","unverified-secondary-note","unknown","blocked-chapter-source","resolved-qualified","qualify"
"MC-0080","01-项目/meta-abilities/写作.md","238","每天开一次水龙头=基底节收到一次重复信号。一年365次——""打开文档""已经跟刷牙一样自然。水龙头流出来的水——有些直接蒸发了（碎片没人看）。有些汇入了水库（一条碎片被扩展成了长文）。水库里的水——有些被舀出去用了（发公众号）。有些蒸发（旧文章没人翻了）。但水龙头只要每天开——水库的水位永远在涨。","medical-health","P0","unverified-secondary-note","unknown","blocked-chapter-source","resolved-qualified","qualify"
"MC-0081","01-项目/meta-abilities/写作.md","247","AI可以在30秒内生成一篇结构工整、逻辑清晰的1500字文章。这意味着写作里""信息组装""的部分已经被替代了——你不需要花时间整理资料、搭框架、润色句子。AI做得更快更准。","general-methodology","P1","unverified-secondary-note","unknown","blocked-chapter-source","resolved-qualified","qualify"
"MC-0082","01-项目/meta-abilities/写作.md","259","AI就是那个面包机。它让""工整的文章""变成了日用品——任何人都可以在30秒内获得一篇。你的""手工面包""是——你的人生经历、你的思考痕迹、你在凌晨三点自己跟自己辩论的那些内容。面包机越普及，手工面包越值钱。","general-methodology","P1","unverified-secondary-note","unknown","blocked-chapter-source","resolved-qualified","qualify"
"MC-0083","01-项目/meta-abilities/写作.md","285","**费曼长文**：选一个核心概念写5000字以上。不用术语、只用自己例子、标两处""不确定""、附""如果有人完全不认同的三个最强反驳""。","general-methodology","P1","unverified-secondary-note","unknown","blocked-chapter-source","resolved-qualified","qualify"
"MC-0084","01-项目/meta-abilities/写作.md","317","三个月重读=最诚实的自我反馈。如果三个月后的你完全认同三个月前的每一个字——你这三个月没有进步。","general-methodology","P1","unverified-secondary-note","unknown","blocked-chapter-source","resolved-qualified","qualify"
"MC-0085","01-项目/meta-abilities/写作.md","320","找三个月前的文章。三色标注——绿色（现在仍然同意）、黄色（不完整需补充）、红色（现在完全不这么想了）。黄+红比例=思维升级幅度。","general-methodology","P1","unverified-secondary-note","unknown","blocked-chapter-source","resolved-qualified","qualify"
"MC-0086","01-项目/meta-abilities/写作.md","329","你今天写的300字——三个月后你可能完全不记得写了什么。但你的思维在那300字的过程中被永久性地刻得更清晰了一点。那个增益不是""那篇文章""——是""写那篇文章的过程改变了你的脑结构""。","general-methodology","P1","unverified-secondary-note","unknown","blocked-chapter-source","resolved-qualified","qualify"
"MC-0087","01-项目/meta-abilities/写作.md","334","□ **L1 MVS**：日均300字完成。□ **L2 HKR**：每篇文章过Hook/Knowledge/Resonance。□ **L3 因果链**：每篇""因为""能找到""所以""。□ **L4 自我暴露**：每篇至少一处""我不确定""。□ **L5 费曼输出**：月均一篇费曼长文。□ **L6 自我反驳**：月均一次攻击旧文。□ **L7 三月重读**：季度一次三色标注审计。□ **L8 身份锚定**：自述""我是写作者""。□ **L9 环境设计**：充电器移客厅、电脑写作账户、文档永远留一行。□ **L10 写作审计**：季度写作频率/清晰度增幅/自我反驳质量。","general-methodology","P1","unverified-secondary-note","unknown","blocked-chapter-source","resolved-blocked","block"
"MC-0088","01-项目/meta-abilities/写作.md","349","三月重读（三个月前的文章——三色标注：绿色仍然同意、黄色不完整、红色完全不这么想了）。写作审计（写作频率/思考清晰度增幅/自我反驳质量——三个指标持续改善=写作在驱动思维升级）。","general-methodology","P1","unverified-secondary-note","unknown","blocked-chapter-source","resolved-qualified","qualify"
"MC-0089","01-项目/meta-abilities/写作.md","355","今年写了多少字。今年最满意的三篇文章——它们为什么满意（有什么共同特征——明年多写这个类型）。今年的写作频率——日均300字完成率。明年唯一想突破的一个写作维度是什么——只选一个。","general-methodology","P1","unverified-secondary-note","unknown","blocked-chapter-source","resolved-qualified","qualify"
"MC-0090","01-项目/meta-abilities/写作.md","365","**机制二：Zinsser的简洁五法则——去掉每一个""不工作""的词。** Zinsser在《On Writing Well》里给了五条可以被立刻执行的操作规则。第一，删掉所有不必要的副词——""非常""""极其""""真的""""实际上""。第二，用短词替代长词——""帮助""替代""协助""，""用""替代""使用""，""开始""替代""启动""。不是你词汇量不够——是长词的""信息效率""低于短词。同样的意思，短词用更少的音节传达到读者的脑子里。第三，主动语态优于被动语态——""我写了一篇文章""优于""一篇文章被写了出来""。被动语态把行动者和行动之间的因果关系拉远了——读者需要更多的认知资源来重建这个关系。第四，每句话只承载一个信息——如果一个句子里有三个想法，拆成三句。大脑的工作记忆容量有限——一句话塞太多信息，读者的大脑会把前面的信息挤掉来接收后面的信息。第五，删掉所有""你不需要但对读者友好""的填充——那些无意义的过渡填充词——这些词唯一的""功能""是给你的大脑多几秒想下一句。删掉它们后——文章的信息密度翻倍。","general-methodology","P1","unverified-secondary-note","unknown","blocked-chapter-source","resolved-qualified","qualify"
"MC-0091","01-项目/meta-abilities/写作.md","367","**机制三：HKR公式的可操作化——每篇文章发出前过三关。** Hook关：把你的标题发给一个完全不了解你的领域的朋友，问""你觉得这篇文章会讲什么""。如果他说出来的和你写的不一致——Hook不合格，重写。Knowledge关：在你的文章里用荧光笔画出所有""因为→所以→但是""的因果连接。如果一篇文章少于5个因果连接——你在写干货清单，不是在写因果链。AI写清单，人写因果链。Resonance关：删掉你文章所有""道理""部分，只留下你写的个人故事和具体片段。只读这些片段——能感觉到""这个人经历过这个""吗。如果不能——你的故事太笼统，缺少具体的时间、地点、一个让读者""被击中""的细节。HKR不是写作建议——是发布前的质检清单。","general-methodology","P1","unverified-secondary-note","unknown","blocked-chapter-source","resolved-qualified","qualify"
"MC-0092","01-项目/meta-abilities/说服.md","52","建立Ethos的唯一方式——持续暴露自己的思考过程。包括犯错的时候。包括推翻自己的时候。包装摧毁Ethos。透明建立Ethos。","general-methodology","P1","unverified-secondary-note","unknown","blocked-chapter-source","resolved-qualified","qualify"
"MC-0093","01-项目/meta-abilities/说服.md","97","这句话没有""我同意你""——但它说了""我听懂了你的处境""。对方听到这句话——防御降了一格。不是完全打开——是降了一格。降了一格就够了——电流可以通过去了。","general-methodology","P1","unverified-secondary-note","unknown","blocked-chapter-source","resolved-qualified","qualify"
"MC-0094","01-项目/meta-abilities/说服.md","147","**一人分享。** 每天跟一个人分享今天学到的一个东西——口头、微信、即刻都行。唯一目标：让对方说出""我没这么想过""或者""这个角度有意思""。不是让对方""同意你""——是让对方""脑中某样东西被你的话动了一下""。","general-methodology","P1","unverified-secondary-note","unknown","blocked-chapter-source","resolved-qualified","qualify"
"MC-0095","01-项目/meta-abilities/说服.md","151","**反对者模拟。** 选一个自己坚信的观点。花20分钟——用最聪明、最善意的反对者视角，列出反对这个观点的三个最强论证。不是开玩笑的反对——是真的让你自己都觉得""这个反驳有道理""的反对。","general-methodology","P1","unverified-secondary-note","unknown","blocked-chapter-source","resolved-qualified","qualify"
"MC-0096","01-项目/meta-abilities/说服.md","157","**暴露推理过程。** 写一篇完整的文章发布。要求：里面有至少一处""我之前是这样想的，后来发现不对""；有至少一处""关于这一点，我不确定的是……""；最后附一段""如果有人完全不同意这篇，他可能是基于什么理由""。","general-methodology","P1","unverified-secondary-note","unknown","blocked-chapter-source","resolved-qualified","qualify"
"MC-0097","01-项目/meta-abilities/说服.md","204","Cialdini引用的经典实验——服务员在给顾客账单时附带一颗薄荷糖，小费提高3%。附带两颗薄荷糖——提高14%。附带两颗，且放下账单走开几步后再返回，额外掏出一颗说""这是专门给你的""——提高23%。","general-methodology","P1","unverified-secondary-note","unknown","blocked-chapter-source","resolved-qualified","qualify"
"MC-0098","01-项目/meta-abilities/说服.md","212","Cialdini的另一个实验——酒店房间里的牌子：""请重复使用毛巾以保护环境。""效果一般。换一个写法：""入住本酒店的75%客人选择重复使用毛巾。""效果显著提升。再换一个写法：""入住本房间的75%客人选择重复使用毛巾。""效果最好。","general-methodology","P1","unverified-secondary-note","unknown","blocked-chapter-source","resolved-qualified","qualify"
"MC-0099","01-项目/meta-abilities/说服.md","218","美国一项研究——在居民区挨家挨户问""能否在您家前院立一块巨大的'安全驾驶'公益广告牌""。只有17%同意。另一组居民先被问""能否在您家窗户上贴一张三英寸的'安全驾驶'小贴纸""——几乎所有人同意。两周后再问这些人""能否在您家前院立一块巨大的广告牌""——76%同意。","general-methodology","P1","unverified-secondary-note","unknown","blocked-chapter-source","resolved-qualified","qualify"
"MC-0100","01-项目/meta-abilities/说服.md","220","小承诺（贴纸）→自我认知改变（""我是一个支持安全驾驶的人""）→认知一致性驱动（""既然我是这种人，我应该同意大招牌""）→大行动的完成率从17%跃升到76%。","general-methodology","P1","unverified-secondary-note","unknown","blocked-chapter-source","resolved-qualified","qualify"
"MC-0101","01-项目/meta-abilities/说服.md","305","Axelrod的""重复囚徒困境""实验揭示了一个被严重低估的说服真理——信任在重复博弈中是唯一稳定的长期策略。在单次博弈中（你确定不会再见到对方），最优策略是背叛和操纵。在重复博弈中（你不知道这是不是最后一次），最优策略是以牙还牙——你第一次选择合作（信任），然后复制对方上一轮的策略。","general-methodology","P1","unverified-secondary-note","unknown","blocked-chapter-source","resolved-qualified","qualify"
"MC-0102","01-项目/meta-abilities/说服.md","311","两个销售员各卖了一款产品。第一个把产品的所有缺陷都写在说明书里——客户买之前就知道哪里可能出问题。买回去之后发现""果然跟他说的一样""——信任加深。下一次又买了他的另一款产品。第二个把产品的缺陷全部隐藏——客户买回去之后才发现问题。""他骗了我""——永远不会再买他的任何东西。","general-methodology","P1","unverified-secondary-note","unknown","blocked-chapter-source","resolved-qualified","qualify"
"MC-0103","01-项目/meta-abilities/健康.md","24","这台机器对供电极其敏感。血糖低5%→CPU降频。昨晚睡5小时→警报器音量翻倍、CPU按不住警报器。三天没晒太阳→内部时钟乱跳，该开机时关机，该关机时开机。","medical-health","P0","unverified-secondary-note","unknown","blocked-chapter-source","resolved-qualified","qualify"
"MC-0104","01-项目/meta-abilities/健康.md","28","Matthew Walker的数据：睡眠<6小时，杏仁核对负面刺激反应+60%，前额叶抑制力大幅下降。John Ratey的数据：久坐4小时，前额叶供血下降15-20%。不是你""控制不住脾气""""下午脑子转不动""——是机器的供电系统出了问题。","medical-health","P0","unverified-secondary-note","unknown","blocked-chapter-source","resolved-qualified","qualify"
"MC-0105","01-项目/meta-abilities/健康.md","49","**三、废物清理。** 白天大脑积累β-淀粉样蛋白。睡眠时胶质淋巴系统启动——脑脊液冲洗脑组织，效率是清醒时的10倍。长期<6小时睡眠→废物持续积累。你感觉不到——十年后年轻时的睡眠债在大脑里留下了物理痕迹。Walker的数据：夜班工作者被WHO列为2A类致癌因素——不是熬夜本身有毒，是长期昼夜节律紊乱导致胶质淋巴系统清理效率永久下降。","medical-health","P0","unverified-secondary-note","unknown","blocked-chapter-source","resolved-qualified","qualify"
"MC-0106","01-项目/meta-abilities/健康.md","51","**四、生长激素释放。** 入睡后第一个90分钟=黄金90分钟。全夜70-80%生长激素在这个窗口释放。成年人用它修复肌肉、燃烧脂肪、维护免疫。凌晨两点睡——黄金90分钟被推迟，错过SCN预设的修复窗口（晚10点-凌晨2点）。不是""睡够久就行""——是""什么时候睡""。窗口错过了就错过了。","medical-health","P0","unverified-secondary-note","unknown","blocked-chapter-source","resolved-qualified","qualify"
"MC-0107","01-项目/meta-abilities/健康.md","65","咖啡因不给你能量。咖啡因堵住腺苷受体——像用胶布贴住火警报警器。报警器还在响——你听不到了。腺苷还在积累——等咖啡因代谢掉（半衰期5-6小时），所有被堵住的腺苷一次性涌上来。这就是你下午三点""突然""崩溃的原因——不是累了，是被堵了五小时的困倦信号同时砸下来。","medical-health","P0","unverified-secondary-note","unknown","blocked-chapter-source","resolved-qualified","qualify"
"MC-0108","01-项目/meta-abilities/健康.md","76","运动后2小时=高可塑性窗口。BDNF峰值在运动开始后15-20分钟。15分钟以内→效果接近零。20-30分钟→最佳。超过45分钟→皮质醇过量对冲BDNF。不需要马拉松——每天20分钟心率120-140。","medical-health","P0","unverified-secondary-note","unknown","blocked-chapter-source","resolved-qualified","qualify"
"MC-0109","01-项目/meta-abilities/健康.md","78","哈佛对照实验：运动后数学测试比久坐组高20%。","medical-health","P0","unverified-secondary-note","unknown","blocked-chapter-source","resolved-qualified","qualify"
"MC-0110","01-项目/meta-abilities/健康.md","101","压力反应需要一个""安全信号""来关闭。斑马的安全信号=逃到安全距离后身体自动关闭压力反应。人类需要自己造——每天运动20分钟。运动后的放松感=身体在告诉你""威胁过去了""。没有这个信号——你的压力回路永远在待机状态。","medical-health","P0","unverified-secondary-note","unknown","blocked-chapter-source","resolved-qualified","qualify"
"MC-0111","01-项目/meta-abilities/健康.md","110","早晨自然光10000-25000勒克斯进入眼睛→ipRGC细胞→SCN开始褪黑素14-16小时倒计时。室内光300-500勒克斯→差30-50倍。阴天户外仍有5000-10000勒克斯。","medical-health","P0","unverified-secondary-note","unknown","blocked-chapter-source","resolved-qualified","qualify"
"MC-0112","01-项目/meta-abilities/健康.md","112","你用500勒克斯的屏幕光骗SCN说""天亮了""→SCN褪黑素倒计时往后推了三个小时。晚上LED灯+屏幕蓝光→SCN又收到""天还没黑""→倒计时被无限推迟。躺在床上想""为什么不困""——因为你白天用台灯假装太阳，晚上用屏幕假装白天。SCN完全不知道现在几点了。","medical-health","P0","unverified-secondary-note","unknown","blocked-chapter-source","resolved-qualified","qualify"
"MC-0113","01-项目/meta-abilities/健康.md","118","第二个人——不拉窗帘。早上六点半第一道光进来→5000勒克斯，半小时后10000勒克斯。起床后阳台站十分钟→20000勒克斯直射眼睛。SCN收到清晰的""天亮""——褪黑素倒计时早上7点开始，14小时后晚上9点开始分泌褪黑素。傍晚出门散步→给SCN""亮度在降低""的过渡信号。晚上只开小台灯→环境光<100勒克斯。SCN确认""天黑了""。晚上10点自然困，早上7点自然醒。","medical-health","P0","unverified-secondary-note","unknown","blocked-chapter-source","resolved-qualified","qualify"
"MC-0114","01-项目/meta-abilities/健康.md","127","光→SCN→设定褪黑素倒计时→确定入睡时间窗。温度→入睡时核心体温需下降1-2°C。消化产热干扰体温下降。进食时间→睡前3小时摄入任何热量→消化产热让体温不降反升。运动时间→下午4-6点体温最高时运动最好→运动后体温下降幅度更大→帮助夜间体温下降。","medical-health","P0","unverified-secondary-note","unknown","blocked-chapter-source","resolved-qualified","qualify"
"MC-0115","01-项目/meta-abilities/健康.md","129","四个同时改——14天SCN被重新校准。只改一个——效果打3折。","medical-health","P0","unverified-secondary-note","unknown","blocked-chapter-source","resolved-qualified","qualify"
"MC-0116","01-项目/meta-abilities/健康.md","142","| 日课 | 晨光10分钟 + 下午运动20分钟（心率120-140）+ 睡前3h禁食 + 同一时间起床 + 睡前90分钟屏幕降级 + 鼻呼吸觉察 | SCN校准、BDNF释放、体温节律、多巴胺管理 |","medical-health","P0","unverified-secondary-note","unknown","blocked-chapter-source","resolved-qualified","qualify"
"MC-0117","01-项目/meta-abilities/健康.md","143","| 周课 | 一天低刺激日（D2受体上调）+ 2次力量训练（睾酮+生长激素） | 受体修复、肌肉骨骼信号 |","medical-health","P0","unverified-secondary-note","unknown","blocked-chapter-source","resolved-qualified","qualify"
"MC-0118","01-项目/meta-abilities/健康.md","145","| 季课 | 14天全维度重置（Day0基线vs Day14对比）+ 呼吸模式评估 + 24h多巴胺断食 | 系统级校准、受体重置 |","medical-health","P0","unverified-secondary-note","unknown","blocked-chapter-source","resolved-qualified","qualify"
"MC-0119","01-项目/meta-abilities/健康.md","159","呼吸是你唯一可以有意识控制、也可以无意识运行的生理功能。大多数人的呼吸模式被现代生活扭曲了——长期浅呼吸（只用到肺的上三分之一）、口呼吸（绕过鼻腔的过滤加温加湿）、呼吸频率过高（正常12-20次/分钟，焦虑时可达30+）。","medical-health","P0","unverified-secondary-note","unknown","blocked-chapter-source","resolved-qualified","qualify"
"MC-0120","01-项目/meta-abilities/健康.md","161","鼻腔不只是一个通气孔——它是一氧化氮的生产工厂。鼻呼吸时，一氧化氮跟着气流进入肺部，扩张血管和气道，提高氧气吸收效率。口呼吸完全绕过了这条通路——吸进来的气没有经过任何处理直接进入肺部。","medical-health","P0","unverified-secondary-note","unknown","blocked-chapter-source","resolved-qualified","qualify"
"MC-0121","01-项目/meta-abilities/健康.md","163","慢呼吸（5.5秒吸+5.5秒呼=每分钟5.5次）激活副交感神经——心率变异性升高，压力反应关闭。这是你能在任何时间任何地点使用的""压力断路器""。","medical-health","P0","unverified-secondary-note","unknown","blocked-chapter-source","resolved-qualified","qualify"
"MC-0122","01-项目/meta-abilities/健康.md","167","任何感到压力、焦虑、情绪上头的时刻——鼻子吸气5.5秒，鼻子呼气5.5秒。重复十次（约2分钟）。心率会在2分钟内下降5-15bpm。不是""放松技巧""——是副交感神经被慢呼吸的节律直接激活。","medical-health","P0","unverified-secondary-note","unknown","blocked-chapter-source","resolved-qualified","qualify"
"MC-0123","01-项目/meta-abilities/健康.md","173","- **晨光10分钟**：起床后户外。阴天也出去。不戴墨镜不看屏幕。中午再补10分钟户外光。","medical-health","P0","unverified-secondary-note","unknown","blocked-chapter-source","resolved-qualified","qualify"
"MC-0124","01-项目/meta-abilities/健康.md","174","- **下午运动20分钟**：心率120-140bpm。快走/慢跑/跳绳/跳操——形式不重要，心率重要。利用运动后BDNF窗口覆盖午后低谷。","medical-health","P0","unverified-secondary-note","unknown","blocked-chapter-source","resolved-qualified","qualify"
"MC-0125","01-项目/meta-abilities/健康.md","175","- **睡前3小时禁食**：水/无咖啡因草本茶可以。任何含热量不摄入。","medical-health","P0","unverified-secondary-note","unknown","blocked-chapter-source","resolved-qualified","qualify"
"MC-0126","01-项目/meta-abilities/健康.md","177","- **睡前90分钟屏幕降级**：手机夜间模式+亮度最低，或直接不碰屏幕。蓝光抑制褪黑素达50%。","medical-health","P0","unverified-secondary-note","unknown","blocked-chapter-source","resolved-qualified","qualify"
"MC-0127","01-项目/meta-abilities/健康.md","182","- **2次力量训练**：刺激睾酮和生长激素。补有氧不能替代的生理信号——肌肉收缩带来的机械张力信号触发骨骼和内分泌系统的适应性反应。","medical-health","P0","unverified-secondary-note","unknown","blocked-chapter-source","resolved-qualified","qualify"
"MC-0128","01-项目/meta-abilities/健康.md","186","- **压力源清单审计**：列出本月触发你压力反应的前三个情境。每一个问——这个情境可以通过环境设计避开或修正吗（情境选择/修正）？如果不能，下次触发时可以做什么来缩短压力反应的持续时间（慢呼吸/运动/90秒规则）？","medical-health","P0","unverified-secondary-note","unknown","blocked-chapter-source","resolved-blocked","block"
"MC-0129","01-项目/meta-abilities/健康.md","189","- **14天全维度重置**：光/温度/进食时间/运动时间四个维度同时校准14天。Day 0测基线：入睡时间、晨起清醒度、午后低谷、情绪韧性。Day 14复测——比较。四个维度一起改，14天足够SCN重新校准。","medical-health","P0","unverified-secondary-note","unknown","blocked-chapter-source","resolved-qualified","qualify"
"MC-0130","01-项目/meta-abilities/健康.md","194","在你开始任何改变之前，先花三天时间把你的健康数据建立起来。连续记录：几点几分关灯、自然醒是几点（用闹钟强制醒的另外标注）、躺下到睡着多少分钟、醒来后15分钟清醒度自评1到5分、下午两点到四点精力最低点的自评、遇到挫折后恢复到正常状态需要多少分钟。取三天平均值——这六个数告诉你现在到底站在哪里。大多数人跳过这步，直接开始""改变""，但连从哪开始的都不知道。","medical-health","P0","unverified-secondary-note","unknown","blocked-chapter-source","resolved-qualified","qualify"
"MC-0131","01-项目/meta-abilities/健康.md","196","接下来你需要一个具体的靶子，而不是""睡得更好""这种废话。靶子是：入睡时间在23点之前、起床在7点之前且不用闹钟、入睡速度少于15分钟、晨起清醒度4分以上、午后低谷3分以上、情绪恢复少于30分钟。选当前最差的那个指标作为第一优先——一次只追一个，别同时追六个。","medical-health","P0","unverified-secondary-note","unknown","blocked-chapter-source","resolved-qualified","qualify"
"MC-0132","01-项目/meta-abilities/健康.md","198","把测出来的数据和靶子放在一起对比，差距最大的就是接下来十四天要攻克的。假如你现在入睡时间是凌晨两点，靶子是23点，差距三小时——十四天足够你的SCN重新校准这个偏移。执行很简单：四个维度同时改——晨光十分钟（光）、睡前3小时禁食、同一时间起床（温度和代谢）、下午运动二十分钟（运动）。每天只记录两个数据：昨晚入睡时间和今早晨起清醒度，不需要同时追踪所有指标。","medical-health","P0","unverified-secondary-note","unknown","blocked-chapter-source","resolved-qualified","qualify"
"MC-0133","01-项目/meta-abilities/健康.md","200","十四天后重新测六项基线。对比第一天——你选的那个指标改善了多少。改善了但没到靶子，就继续第二轮十四天。完全没改善，就去检查四个维度的执行率：哪天漏了晨光、哪周跳了运动。如果改善了且达标，就把这个指标标记为""已达成""，选下一个最差的指标作为新的第一优先。单一指标达标不是终点——六项全部进入正常范围且稳定维持超过三十天，你的SCN才真正被重新校准，四个维度才算在同步运转。","medical-health","P0","unverified-secondary-note","unknown","blocked-chapter-source","resolved-qualified","qualify"
"MC-0134","01-项目/meta-abilities/健康.md","215","14天全维度重置前后的数据对比——入睡时间、晨起清醒度、午后低谷、情绪韧性。四个指标全部改善=四个维度在同步运转。只改善了一两个=还有维度被忽略了。一个都没改善=重置协议没有真正执行到位。","medical-health","P0","unverified-secondary-note","unknown","blocked-chapter-source","resolved-qualified","qualify"
"MC-0135","01-项目/meta-abilities/健康.md","232","运动后的放松感=身体在说""威胁过去了""。社交连接（和信任的人面对面聊天）=催产素释放，抑制HPA轴。慢呼吸（5.5秒吸+5.5秒呼）=直接激活副交感神经。大笑、哭泣、唱歌——都触发迷走神经，向大脑发送""安全""信号。","medical-health","P0","unverified-secondary-note","unknown","blocked-chapter-source","resolved-blocked","block"
"MC-0136","01-项目/meta-abilities/健康.md","234","选择其中至少一个作为每日的""压力关闭仪式""。不是""放松""——是给压力系统一个明确的终点。没有终点，它永远不会自己停。","medical-health","P0","unverified-secondary-note","unknown","blocked-chapter-source","resolved-qualified","qualify"
"MC-0137","01-项目/meta-abilities/健康.md","245","TRE（限时进食）的原理——不是在限制热量，是在""让所有外周时钟看到同一个时间""。进食窗口内（8-12小时）——所有消化相关器官同步启动。禁食窗口内（12-16小时）——所有修复相关功能同步启动。","medical-health","P0","unverified-secondary-note","unknown","blocked-chapter-source","resolved-qualified","qualify"
"MC-0138","01-项目/meta-abilities/健康.md","249","大部分自称""夜猫子""的人不是基因决定的。是SCN被长年累月的错误光信号和环境信号推后了三四个小时。他们从来没体验过""正常节律""的自己是什么样的。重置SCN的唯一方式——连续14天在同一时间起床（让SCN看固定起床时间）+晨光10分钟（给SCN明确的""天亮""校准信号）。14天后——""夜猫子""会发现自己在晚上10点左右开始自然困。","medical-health","P0","unverified-secondary-note","unknown","blocked-chapter-source","resolved-qualified","qualify"
"MC-0139","01-项目/meta-abilities/健康.md","258","大多数人的现实——基线在地板以下。睡眠不到6小时、零运动、饮食全部加工食品、白天没有自然光暴露。在-1位置折腾冷水浴和补剂=在沉船上装修。","medical-health","P0","unverified-secondary-note","unknown","blocked-chapter-source","resolved-qualified","qualify"
"MC-0140","01-项目/meta-abilities/健康.md","260","从-1到0的三个动作——睡到7.5小时以上（深度睡眠恢复、记忆搬家和废物清理正常运转）、每天运动20分钟（BDNF窗口、前额叶供血恢复）、晨光10分钟+同一时间起床（SCN重新校准）。三个动作不需要花一毛钱。不需要任何设备。不需要补剂。","medical-health","P0","unverified-secondary-note","unknown","blocked-chapter-source","resolved-qualified","qualify"
"MC-0141","01-项目/meta-abilities/健康.md","271","自我实验框架：(1)选一个变量（如晨光时间从0→10分钟）；(2)保持其他三个维度不变（禁食时间、运动时间、起床时间不变——控制变量）；(3)记录基线数据一周（入睡时间、晨起清醒度、午后低谷、情绪韧性）；(4)改变这一个变量一周——每天记录同样的数据；(5)对比——这个变量在你的身体上产生了可测量的变化吗？","medical-health","P0","unverified-secondary-note","unknown","blocked-chapter-source","resolved-qualified","qualify"
"MC-0142","01-项目/meta-abilities/健康.md","276","选今天开始——变量：晨光10分钟。保持其他不变。记录一周基线。下周开始晨光10分钟——记录一周。两周后你有自己的数据——不是""别人说有效""，是""我的数据说有效""。","medical-health","P0","unverified-secondary-note","unknown","blocked-chapter-source","resolved-qualified","qualify"
"MC-0143","01-项目/meta-abilities/健康.md","283","有氧（快走/慢跑/游泳）：心率120-140bpm，20-30分钟，每周3-5次。刺激BDNF+前额叶供血+海马体神经新生。力量训练（举铁/自重）：每周2-3次。刺激睾酮和生长激素——有氧不能替代的生理信号。HIIT（高强度间歇）：每周1-2次。极限冲刺20-30秒→休息60-90秒→重复4-6轮。提升最大摄氧量。","medical-health","P0","unverified-secondary-note","unknown","blocked-chapter-source","resolved-qualified","qualify"
"MC-0144","01-项目/meta-abilities/健康.md","286","一三五有氧20分钟。二四力量30分钟。周六HIIT或休息。周日低刺激日。","medical-health","P0","unverified-secondary-note","unknown","blocked-chapter-source","resolved-qualified","qualify"
"MC-0145","01-项目/meta-abilities/健康.md","291","三个加法一个减法。每餐加蛋白质（血糖平稳+多巴胺前体）。每天加深色蔬菜（抗氧化保护神经元）。每天加足量水（脱水2%=认知下降）。减含糖饮料（液态精制糖吸收最快）。","medical-health","P0","unverified-secondary-note","unknown","blocked-chapter-source","resolved-qualified","qualify"
"MC-0146","01-项目/meta-abilities/健康.md","297","同一时间起床。一杯水。晨光10分钟户外。如果要咖啡——醒后90-120分钟再喝。","medical-health","P0","unverified-secondary-note","unknown","blocked-chapter-source","resolved-qualified","qualify"
"MC-0147","01-项目/meta-abilities/健康.md","300","下午运动20分钟。每餐加蛋白质。每小时觉察呼吸。","medical-health","P0","unverified-secondary-note","unknown","blocked-chapter-source","resolved-qualified","qualify"
"MC-0148","01-项目/meta-abilities/健康.md","303","睡前3小时禁食。睡前90分钟屏幕降级。充电器移客厅。床头放书。","medical-health","P0","unverified-secondary-note","unknown","blocked-chapter-source","resolved-qualified","qualify"
"MC-0149","01-项目/meta-abilities/健康.md","313","Lembke的临床数据：连续24小时不接触高强度刺激（短视频、游戏、社交媒体推荐流、精制糖），D2多巴胺受体开始上调。24小时后对正常刺激（读书、散步、聊天）的敏感度明显回升。","medical-health","P0","unverified-secondary-note","unknown","blocked-chapter-source","resolved-qualified","qualify"
"MC-0150","01-项目/meta-abilities/健康.md","315","戒断时间曲线——前3-6小时最难受（受体在""喊饿""——焦虑、坐立不安、想摸手机）。6-12小时戒断反应减弱。12-24小时出现""平静感""——正常刺激开始""变甜了""（一杯白开水、一本书、一段散步能感到充实）。","medical-health","P0","unverified-secondary-note","unknown","blocked-chapter-source","resolved-qualified","qualify"
"MC-0151","01-项目/meta-abilities/健康.md","317","不是一次性的。每周一天低刺激日+每天学习前30分钟低多巴胺窗口。受体上调是渐变——需要持续的周期性低刺激来维持。","medical-health","P0","unverified-secondary-note","unknown","blocked-chapter-source","resolved-qualified","qualify"
"MC-0152","01-项目/meta-abilities/健康.md","325","□ **L1 睡眠时长**：日均≥7小时。不达标=所有其他层白做。","medical-health","P0","unverified-secondary-note","unknown","blocked-chapter-source","resolved-qualified","qualify"
"MC-0153","01-项目/meta-abilities/健康.md","329","□ **L3 晨光**：每天起床后10分钟户外。阴天也出去。","medical-health","P0","unverified-secondary-note","unknown","blocked-chapter-source","resolved-qualified","qualify"
"MC-0154","01-项目/meta-abilities/健康.md","331","□ **L4 运动**：每天20分钟有氧。每周2次力量。每周1次HIIT。","medical-health","P0","unverified-secondary-note","unknown","blocked-chapter-source","resolved-qualified","qualify"
"MC-0155","01-项目/meta-abilities/健康.md","333","□ **L5 禁食**：睡前3小时不摄入热量。水/茶可以。","medical-health","P0","unverified-secondary-note","unknown","blocked-chapter-source","resolved-qualified","qualify"
"MC-0156","01-项目/meta-abilities/健康.md","339","□ **L8 呼吸**：全天鼻呼吸。压力时5.5秒吸+5.5秒呼。","medical-health","P0","unverified-secondary-note","unknown","blocked-chapter-source","resolved-qualified","qualify"
"MC-0157","01-项目/meta-abilities/健康.md","350","Walker在《我们为什么要睡觉》最后几章给出了他整个职业生涯中最严肃的警告——睡眠不是银行。你不能工作日透支（睡6小时），周末存款（睡10小时）。""补觉""能恢复主观困倦（你不困了），但不能逆转已经发生的氧化损伤和代谢废物积累。周末多睡的那几个小时——让你""感觉""好了一些，但你的大脑里β-淀粉样蛋白的清理量没有因为周末补觉而增加。今天没清完的——就留在那里了。","medical-health","P0","unverified-secondary-note","unknown","blocked-chapter-source","resolved-qualified","qualify"
"MC-0158","01-项目/meta-abilities/健康.md","363","你的身体是你唯一不能被云端托管的计算单元。你的大脑是你所有元能力的硬件底座——自学、写作、说服、决策、专注、元认知、系统思维、创造力、情绪调节——全部跑在这个硬件上。硬件功率不足——所有软件降频。硬件崩了——所有软件停转。","medical-health","P0","unverified-secondary-note","unknown","blocked-chapter-source","resolved-qualified","qualify"
"MC-0159","01-项目/meta-abilities/健康.md","365","健康不是""养生""。健康是""确保你的唯一硬件在最佳功率下运转""。","medical-health","P0","unverified-secondary-note","unknown","blocked-chapter-source","resolved-qualified","qualify"
"MC-0160","01-项目/meta-abilities/健康.md","370","□ **L1 睡眠时长≥7h** □ **L2 同一时间起床** □ **L3 晨光10分钟** □ **L4 运动日均20分钟+每周2次力量** □ **L5 睡前3h禁食** □ **L6 营养三加一减** □ **L7 每周低刺激日** □ **L8 全天鼻呼吸+压力时慢呼吸** □ **L9 每日压力关闭信号** □ **L10 季度自我实验**","medical-health","P0","unverified-secondary-note","unknown","blocked-chapter-source","resolved-qualified","qualify"
"MC-0161","01-项目/meta-abilities/健康.md","376","晨光10分钟+下午运动20分钟+睡前3h禁食+同一时间起床+睡前90分钟屏幕降级+鼻呼吸觉察。","medical-health","P0","unverified-secondary-note","unknown","blocked-chapter-source","resolved-qualified","qualify"
"MC-0162","01-项目/meta-abilities/健康.md","379","一天低刺激日（D2受体上调）+2次力量训练（睾酮+生长激素）。","medical-health","P0","unverified-secondary-note","unknown","blocked-chapter-source","resolved-qualified","qualify"
"MC-0163","01-项目/meta-abilities/健康.md","385","14天全维度重置（光/温度/进食/运动四维同时校准14天——Day0基线vs Day14对比）+呼吸模式评估（安静状态下呼吸频率——>20=慢性过度换气）。24小时多巴胺断食（D2受体上调——记录每小时主观感受）。","medical-health","P0","unverified-secondary-note","unknown","blocked-chapter-source","resolved-qualified","qualify"
"MC-0164","01-项目/meta-abilities/健康.md","388","年度健康审计——回顾全年睡眠/运动/营养/压力数据。年度趋势（入睡时间提前了多少、午后低谷改善了多少、情绪韧性增强了多少）。年度最有价值的自我实验（哪个实验让你的数据产生了最显著的改善——明年继续深化）。年度硬件状态（你的""唯一计算单元""今年运转得比去年好还是差——数据说话）。","medical-health","P0","unverified-secondary-note","unknown","blocked-chapter-source","resolved-qualified","qualify"
"MC-0165","01-项目/meta-abilities/健康.md","395","Walker的睡眠科学是地基。Ratey的运动分子链路是引擎。西野精治的黄金90分钟是节律核心。Panda的限时进食是代谢开关。Lembke的多巴胺管理是动力系统。Sapolsky的压力生理是韧性层。Nestor的呼吸是最被低估的杠杆。七层合一——健康从""养生""变为""硬件维护系统""。","medical-health","P0","unverified-secondary-note","unknown","blocked-chapter-source","resolved-qualified","qualify"
"MC-0166","01-项目/meta-abilities/健康.md","399","**机制一：Walker的睡眠三重修复与""睡眠不是银行""定律。** Walker在《我们为什么要睡觉》里花了十几年收集的临床数据最核心的三条。第一条——记忆搬家。白天学到的东西暂存在海马体（临时仓库），深度睡眠期间海马体向皮层（永久存储区）转存。转存完成后海马体被清空——明天有新空间。睡眠<6小时=转存窗口不足=部分信息没搬完=被海马体临时清理程序删除。不是""忘了""——是""没搬到硬盘上""。第二条——情绪重置。睡眠期间杏仁核（恐惧中心）和前额叶（理性中心）之间的功能连接被重新校准。一夜好眠后，同样的事昨天让你暴怒今天只是有点烦。睡眠<6小时=杏仁核对负面刺激反应增强60%——不是""你脾气不好""，是警报器被物理性地拧大了音量。第三条——废物清理。白天大脑积累β-淀粉样蛋白，胶质淋巴系统在深度睡眠期间以清醒时10倍的效率清理。Walker的结论公开而明确：睡眠不是银行，不能工作日透支周末存款。周末补觉可以恢复""主观困倦""，但不能逆转已经发生的氧化损伤和代谢废物积累。","medical-health","P0","unverified-secondary-note","unknown","blocked-chapter-source","resolved-qualified","qualify"
"MC-0167","01-项目/meta-abilities/健康.md","401","**机制二：Ratey的运动-认知分子链路与BDNF窗口。** Ratey在《运动改造大脑》里揭示了运动不是""让你精神好""——是一条具体的生物化学流水线。肌肉收缩→释放鸢尾素→穿过血脑屏障→触发BDNF合成。BDNF是大脑的神经肥料——促进新神经元生长、增强突触连接、保护现有神经元不被氧化应激杀死。运动后2小时是""高可塑性窗口""，在这个窗口里学任何东西都比平时快。BDNF释放的精确时间曲线——运动开始后15-20分钟达到峰值，20-30分钟最佳窗口，超过45分钟皮质醇开始对冲BDNF。不需要马拉松——每天20分钟心率120-140bpm就是最优解。哈佛对照实验：运动后数学测试比久坐组高20%。不是""运动的人更聪明""——是运动后的大脑物理性地处于更易学习的状态。","medical-health","P0","unverified-secondary-note","unknown","blocked-chapter-source","resolved-qualified","qualify"
"MC-0168","01-项目/meta-abilities/健康.md","403","**机制三：西野精治的""黄金90分钟""定律。** 西野精治在《斯坦福高效睡眠法》里压了一个被严重低估的核心概念——入睡后第一个90分钟是全夜修复效率的决定性窗口。全夜70-80%的生长激素在这个窗口释放。成年人用它修复肌肉、燃烧脂肪、维护免疫。这个窗口的必须条件是核心体温必须持续下降1-2°C。任何导致体温上升的因素——进食产热、剧烈运动、热水澡——必须在这个窗口前1-2小时完全停止。凌晨两点睡的人——黄金90分钟被推迟到凌晨两点之后，SCN预设的修复窗口（晚上10点至凌晨2点）被错开。不是""睡得久就行""——是在什么时间段进入深度睡眠。","medical-health","P0","unverified-secondary-note","unknown","blocked-chapter-source","resolved-qualified","qualify"
"MC-0169","01-项目/meta-abilities/决策.md","27","决策的元能力不是""做对选择""。是在可见的300米内排除必死的选项，走到下一个能见度更好的位置，重新评估。这不是一次决策——是一连串的走一步、看新的信息、调方向、再走一步。就像浓雾中的船长——他看不到前方300米，但知道正北是暗礁区正西是浅滩，所以他走偏西北15度，排除两个必死的选项。300米后雾散开一点，看到新的300米，重新调角度。最好的决策不是一步到终点，是在每一步可见距离内避开死路。这跟象棋完全不一样——象棋的棋盘完全可见，那是完美信息游戏；真实世界你的棋盘上只有自己的棋子和对方的一部分棋子，你不知道对方还有哪些藏在哪。决策的难度不在算得更远，而在算的时候信息不完整。","general-methodology","P1","unverified-secondary-note","unknown","blocked-chapter-source","resolved-qualified","qualify"
"MC-0170","01-项目/meta-abilities/决策.md","36","你的资源配置应该和杠铃一样——90%极端安全，确保你在任何情况下都不会被清零。10%极端风险，每一笔的损失上限是你完全可以承受的，但潜在回报是投入的100倍以上。中间地带——""适度风险、适度回报""——全部砍掉。","general-methodology","P1","unverified-secondary-note","unknown","blocked-chapter-source","resolved-qualified","qualify"
"MC-0171","01-项目/meta-abilities/决策.md","38","你22岁花1万块买基金，赚10%=1000块。你的1万块在中间地带——""适度风险适度回报""。同样的时间和精力你用来写一篇内容——最坏没人看（亏8小时），最好被大号转发→粉丝翻十倍→有人买你的产品。后者是非对称——亏了不致命，赚了是100倍以上。","general-methodology","P1","unverified-secondary-note","unknown","blocked-chapter-source","resolved-qualified","qualify"
"MC-0172","01-项目/meta-abilities/决策.md","40","Taleb说中间地带是最危险的位置——你既不够安全来承受波动，又不够冒险来抓住非对称机会。看看农夫的两块地：一块在河边每年被淹但土特别肥，一块在山坡上永远不会被淹但土瘦。别的农夫把种子全撒半山腰——不会被淹但土不够肥，每年收成刚好吃饭。聪明的农夫把90%种子撒山坡上够吃饭饿不死，剩下10%撒河边——每三年有一次水特别大退得也快，那年河边那块地长出的庄稼比山坡上十年的收成还多。杠铃策略不是冒险，是在确保饿不死的前提下用小剂量去抓非对称回报。Taleb书里最经典的例子是那个法国公务员——白天上班极其稳定但收入不高，晚上写小说。小说卖不出去他有工资死不了，卖成畅销书他比99%的职业作家赚得多，因为他不需要用写作付房租。安全的工资给了他输不死的底气——写作反而因为不用救命而更自由。","general-methodology","P1","unverified-secondary-note","unknown","blocked-chapter-source","resolved-qualified","qualify"
"MC-0173","01-项目/meta-abilities/决策.md","47","做决策的时候——不要站在""现在的自己""的位置上。投射到80岁的自己，回头看——""我会为没做什么而后悔？""","general-methodology","P1","unverified-secondary-note","unknown","blocked-chapter-source","resolved-blocked","block"
"MC-0174","01-项目/meta-abilities/决策.md","49","Jeff Bezos用这个框架决定离开华尔街的高薪工作去做电商——""80岁时我不会因为尝试做电商然后失败而后悔。我会因为从来没试过而后悔。""","general-methodology","P1","unverified-secondary-note","unknown","blocked-chapter-source","resolved-blocked","block"
"MC-0175","01-项目/meta-abilities/决策.md","51","遗憾最小化框架的妙处——它把决策的评估标准从短期得失切换到了长期后悔。短期亏了钱你会难过几个月，长期没试你会遗憾几十年。想象一个人死后站在两座墓碑前：一座刻着""这里埋着一个从来没失败过的人，他避开了每一个可能的坑""，另一座刻着""这里埋着一个试了很多事、搞砸了很多次、但每次搞砸之后都爬起来继续的人""。守墓人问他选哪个——""你自己选，你还没埋呢。""一个80岁的老人写信给自己20岁的自己，信很短：""别怕。那些你怕失败的事大多数根本没发生，发生了的那些你现在回头看几乎不记得了。但你因为害怕而没做的那些事——每一件你都记得。你不会因为搞砸了而后悔，你会因为没试而后悔。去试。""","general-methodology","P1","unverified-secondary-note","unknown","blocked-chapter-source","resolved-blocked","block"
"MC-0176","01-项目/meta-abilities/决策.md","64","判断力不是""我赢了还是输了""——是""在已知信息的条件下，我这个选择是否是最优的""。Duke说判断力的唯一训练方式是写决策日志：每次记录选项、已知信息、未知信息、决策依据、预期结果，事后对照时不看结果，看""我当时的信息和推理是否支持我当时的选择""。这就像一个人每次抛硬币前摸左耳三下，前三次抛到正面就说""摸左耳能让硬币出正面""，第四次抛到反面就说""刚才没摸够""——他的大脑在四次样本里找到了一个""因果关系""，实际上只是独立随机事件。你的大脑在做同样的事——在自己的人生数据里找因果关系，样本量可能只有五次，而你根据这五次数据做一辈子的决策。决策日志逼你把推理暴露出来，让你事后能看到""我当时以为是因果的，其实只是相关""。","general-methodology","P1","unverified-secondary-note","unknown","blocked-chapter-source","resolved-qualified","qualify"
"MC-0177","01-项目/meta-abilities/决策.md","75","**L3——有一套框架但不会调参。** 杠铃策略每次都死套90/10——不管情境。忘了框架是工具，你是用工具的人。杠铃的比例可以根据你的安全端厚度调整——你的储蓄够你活两年，你的风险端可以调到15%。框架不变，参数可变。","general-methodology","P1","unverified-secondary-note","unknown","blocked-chapter-source","resolved-qualified","qualify"
"MC-0178","01-项目/meta-abilities/决策.md","77","**L4——框架可以在不同领域灵活变形。** 杠铃策略在财务决策中用90/10。在职业决策中用80/20——80%时间做确定性产出，20%时间探索新方向。在关系决策中用不同的比例。同一个框架，三个领域，三种变形。","general-methodology","P1","unverified-secondary-note","unknown","blocked-chapter-source","resolved-qualified","qualify"
"MC-0179","01-项目/meta-abilities/决策.md","92","Type 2：可逆。做错了可以退回来重新来——试一个选题、换一个工具、尝试一种新方法、联系一个人。这类决策不需要""充分信息""。你需要的是""刚好够启动的30%信息""——先走一步，用一步之后收到的信息调方向。","general-methodology","P1","unverified-secondary-note","unknown","blocked-chapter-source","resolved-qualified","qualify"
"MC-0180","01-项目/meta-abilities/决策.md","100","**决策小记。** 每天在做一个小决策时花1分钟写下——选项是什么、我基于什么选的、我预期会发生什么。只写，不判断。这是在积素材——为月课和季课的偏差分析做准备。","general-methodology","P1","unverified-secondary-note","unknown","blocked-chapter-source","resolved-blocked","block"
"MC-0181","01-项目/meta-abilities/决策.md","104","**第一步：Day 0——测量你的现状A。** 回顾过去一个月你做的10个决策。每个问三个问题：(1)决策时我记录了任何信息吗（是/否）；(2)我对这个决策的预期是什么，后来实际结果是什么；(3)预期和实际的偏差方向——我是系统性地高估了好结果（过度乐观）还是低估了风险（过度保守）。大多数人的A：零记录，偏差方向不明。","general-methodology","P1","unverified-secondary-note","unknown","blocked-chapter-source","resolved-blocked","block"
"MC-0182","01-项目/meta-abilities/决策.md","106","**第二步：定义目标B。** B1（第1-30天）：每天至少记录1个决策小记，养成""决策时写下来""的习惯。B2（第31-60天）：对至少5个重要决策完成完整决策日志（选项/已知/未知/依据/预期）。B3（第61-90天）：回顾30个以上的决策日志数据，找到自己的1-2个系统偏差模式。","general-methodology","P1","unverified-secondary-note","unknown","blocked-chapter-source","resolved-blocked","block"
"MC-0183","01-项目/meta-abilities/决策.md","108","**第三步：执行——决策日志的日常化。** 日课：1分钟决策小记。周课：回看本周日志找模式。月课：用完整模板记录重要决策+概率校准。季课：季度审计找系统偏差+设预提交规则。","general-methodology","P1","unverified-secondary-note","unknown","blocked-chapter-source","resolved-blocked","block"
"MC-0184","01-项目/meta-abilities/决策.md","112","**第五步：判断B是否达成。** 连续两季度校准率改善+后悔密度<20%→B达成。此时你的决策从""凭感觉""升级为""有数据可迭代""。","general-methodology","P1","unverified-secondary-note","unknown","blocked-chapter-source","resolved-qualified","qualify"
"MC-0185","01-项目/meta-abilities/决策.md","118","**反对者模拟。** 选本月做的一个最大决策——花20分钟列""最聪明的反对者会怎么攻击这个决策""。不是为了改变立场——是找自己推理里被跳过的那个盲区。找到盲区=下一次决策少了一个死角。","general-methodology","P1","unverified-secondary-note","unknown","blocked-chapter-source","resolved-qualified","qualify"
"MC-0186","01-项目/meta-abilities/决策.md","152","**概率思维**：不说""这件事会发生""，说""这件事发生的概率大概是65%""。把确定性替换为概率分布。超级预测者不断校准自己的概率估计——""我上次说65%的事，实际发生了多少？""通过持续校准把主观概率逐渐逼近客观概率。","general-methodology","P1","unverified-secondary-note","unknown","blocked-chapter-source","resolved-blocked","block"
"MC-0187","01-项目/meta-abilities/决策.md","156","**信念更新**：遇到新证据时，按照贝叶斯定理更新自己的概率估计——不是""我之前的判断全错了推翻重来""（那是二元思维），也不是""新证据不影响我的判断""（那是顽固）。是新证据让我从65%调到55%或75%——微调，不是翻转。","general-methodology","P1","unverified-secondary-note","unknown","blocked-chapter-source","resolved-qualified","qualify"
"MC-0188","01-项目/meta-abilities/决策.md","162","下次做决策或预测时——不说""我觉得能成""。说""我觉得能成的概率大概是X%""。事后记录——当时说的X%和后来实际发生的比例。三个月后看——你说的60%的事，实际发生了几件。如果10件里只发生了3件——你在系统性地高估概率。如果10件里发生了8件——你在系统性地低估。校准。","general-methodology","P1","unverified-secondary-note","unknown","blocked-chapter-source","resolved-blocked","block"
"MC-0189","01-项目/meta-abilities/决策.md","195","系统1处理90%以上的日常决策——不是因为你懒，是因为系统2太耗能。前额叶的葡萄糖消耗是基底节的好几倍——你的大脑在生理上倾向于""能不用系统2就不用了""。","medical-health","P0","unverified-secondary-note","unknown","blocked-chapter-source","resolved-qualified","qualify"
"MC-0190","01-项目/meta-abilities/决策.md","197","系统1有三个被反复验证的偏误——损失厌恶（人对损失100块的负面感受等于赚200块的正面感受，系数约2:1）、可得性启发（容易想起就以为概率高）、锚定效应（第一个数字成为后续判断的锚）。更重要的是，你的系统1在决策时模拟的是""亏了有多痛""——但它模拟不出""没做有多遗憾""。两个人各做了一笔投资：第一个人亏了2000块止损了，十年后完全不记得；第二个人没亏没赚但错过了一个研究了很久判断成功率极高的机会，十年后每次想到还是""如果当时""。不是因为第二个人损失更大——是因为遗憾是事后才会出现的感觉，系统1没有""事后""的概念。","general-methodology","P1","unverified-secondary-note","unknown","blocked-chapter-source","resolved-qualified","qualify"
"MC-0191","01-项目/meta-abilities/决策.md","210","判断的标准不是""这次对不对""——是""同样情境下重复100次，我的决策策略能赢多少次？""短期结果=技能+运气+不可控变量。长期策略=你的决策框架在所有情境下的综合表现。扑克牌手训练的是后者——不是每局输赢，是每局的决策在""相同情境下重复100次""的表现。","general-methodology","P1","unverified-secondary-note","unknown","blocked-chapter-source","resolved-qualified","qualify"
"MC-0192","01-项目/meta-abilities/决策.md","216","**决策小记**：每天一个小决策花1分钟写下——选项、依据、预期。","general-methodology","P1","unverified-secondary-note","unknown","blocked-chapter-source","resolved-blocked","block"
"MC-0193","01-项目/meta-abilities/决策.md","239","Type审计——本月Type2决策平均耗时。超过一个月=在可逆决策上浪费了Type1的决策资源。概率校准——回顾本月10个概率预测，实际发生比例vs预测概率——你在高估还是低估。","general-methodology","P1","unverified-secondary-note","unknown","blocked-chapter-source","resolved-blocked","block"
"MC-0194","01-项目/meta-abilities/决策.md","251","□ **L3 Type区分**：我能在30秒内判断一个决策是Type1还是Type2。Type2不过度纠结。","general-methodology","P1","unverified-secondary-note","unknown","blocked-chapter-source","resolved-blocked","block"
"MC-0195","01-项目/meta-abilities/决策.md","253","□ **L4 杠铃配置**：90%安全端确保不死，10%风险端每一笔都非对称。中间地带=0。","general-methodology","P1","unverified-secondary-note","unknown","blocked-chapter-source","resolved-qualified","qualify"
"MC-0196","01-项目/meta-abilities/决策.md","255","□ **L5 遗憾最小化**：重大决策前投射80岁的自己——会为""没做什么""后悔。","general-methodology","P1","unverified-secondary-note","unknown","blocked-chapter-source","resolved-blocked","block"
"MC-0197","01-项目/meta-abilities/决策.md","274","预测未来等于赌博。你赌自己能猜到哪个方向对——万一猜错了，全部资源押在错误方向上。杠铃策略和反脆弱让你不需要预测：90%安全端确保你在任何情况下都不会死，10%风险端让你在多个方向上都有非对称机会。不预测，但是做准备。不是赌哪个方向对，是确保自己可以承受任何一个方向。就像两艘船出海——第一艘船长研究了所有气象数据说""风暴概率只有5%""，把所有救生设备留在了港口以减轻船重，遇到了那5%。第二艘船长不知道风暴会不会来，把救生设备带上了——风暴来了他有救生设备。不预测，做准备。","general-methodology","P1","unverified-secondary-note","unknown","blocked-chapter-source","resolved-qualified","qualify"
"MC-0198","01-项目/meta-abilities/决策.md","281","Bezos说过：""我们的人生是我们选择的总和。""不是你某一天做的""那个重大决定""决定了你的人生。是你每一天做的几百个小决策——积累起来的方向。每天早上的第一个动作（摸手机还是穿鞋出门）。每次被触发时的第一个反应（爆发还是90秒退潮）。每个Type2小决策的速度（纠结三天还是一小时）。","general-methodology","P1","unverified-secondary-note","unknown","blocked-chapter-source","resolved-qualified","qualify"
"MC-0199","01-项目/meta-abilities/决策.md","283","这些""小决策""在单次看微不足道——但365天×几十年=上万次小决策。上万次的方向偏差=一生的轨迹被改变。决策日志不是为了一个""大决策""——是为了让你看到""你一生的方向偏差是什么""。看到了——你就可以校准。","general-methodology","P1","unverified-secondary-note","unknown","blocked-chapter-source","resolved-qualified","qualify"
"MC-0200","01-项目/meta-abilities/决策.md","300","Type审计：本月Type2决策平均耗时（>一个月=在可逆决策上浪费Type1资源）。概率校准：本月10个预测——实际发生比例vs预测概率。","general-methodology","P1","unverified-secondary-note","unknown","blocked-chapter-source","resolved-blocked","block"
"MC-0201","01-项目/meta-abilities/决策.md","317","**机制一：Kahneman的损失厌恶量化——为什么你总选""更安全""的选项。** Kahneman和Tversky的前景理论用精确实验量化了损失厌恶：人对""损失100块""的负面感受强度约等于""赚200块""的正面感受——损失厌恶系数在1.5到2.5之间波动，均值约为2。这意味着你在做决策时，大脑自动给""避免损失""赋了双倍的权重。你选安全选项不是因为安全更好——是因为损失的痛比收益的乐强两倍。你放弃创业不是因为创业""不值得""——是""万一失败了怎么办""这个画面在你的神经系统里产生的恐惧感双倍于""万一成功了会怎样""的期待感。Kahneman的处方不是""消除损失厌恶""——损失厌恶是大脑的硬件，消除不了。处方是""在做决策时主动意识到损失厌恶的存在，然后手动向上调整你对'收益'的估值""——当你面对一个""可能失败""的选项时，问自己：如果我完全不考虑失败的可能性，只考虑""如果成功了这个选项有多好""——我还会选它吗。如果答案是""会""——你的""不选""很可能被损失厌恶绑架了。","medical-health","P0","unverified-secondary-note","unknown","blocked-chapter-source","resolved-qualified","qualify"
"MC-0202","01-项目/meta-abilities/决策.md","319","**机制二：Taleb的非对称回报计算——如何识别真正的""好赌注""。** Taleb的杠铃策略不是""一半安全一半冒险""——是""90%安全端+10%冒险端，且冒险端的每一笔都满足非对称回报""。非对称回报的数学定义：下行风险有限（你最多亏X），上行回报理论上无限（你赚到的是X的N倍，且N很大）。写一篇公众号文章——下行：亏8小时，没人看。上行：被大号转发，粉丝翻十倍，产品有人买。8小时vs可积累的长期资产——这就是非对称。Taleb告诉你不是""多冒险""——是""只冒那些下行有限、上行非对称的风险""。判断是否非对称的简单标准：写下这个决定""最坏可能结果""和""最好可能结果""。如果最坏结果的可承受性×最好结果的期望值>当前选项——这是非对称的好赌注。如果最好结果和最坏结果都不大——这是""中间地带""，Taleb建议直接砍掉。","general-methodology","P1","unverified-secondary-note","unknown","blocked-chapter-source","resolved-qualified","qualify"
"MC-0203","01-项目/meta-abilities/决策.md","321","**机制三：Tetlock的超级预测者思维——从""对还是错""升级为""概率是多少""。** Tetlock在《超级预测》里花了二十年追踪数百个预测者的长期准确率，提炼出超级预测者的七个核心特质：概率思维（所有判断都用概率表达，不用""对/错""二元标签）、信念更新（新证据来了微调概率，不是全盘推翻）、狐狸思维优于刺猬思维（多框架灵活切换，不执着一个大想法）、外部视角先行（先看基准概率再分析特例）、智力谦逊（主动怀疑自己的判断）、成长心态（相信判断力可以训练）、颗粒度（概率用65%而非""比较大""这种模糊词）。这七个特质中没有一个是""智商更高""或""信息更多""——全部是可训练的认知习惯。Tetlock的数据：经过一年概率校准训练后，参与者的预测准确率平均提高25-30%。判断力是可训练的——不是天赋。","general-methodology","P1","unverified-secondary-note","unknown","blocked-chapter-source","resolved-qualified","qualify"
"MC-0204","01-项目/meta-abilities/决策.md","328","→ **系统思维（Ch8）**：Taleb杠铃=Meadows杠杆在资产配置中的具体应用。安全端=L12参数层（确保存活），风险端=L5系统规则层（非对称回报的结构性设计）。→ **情绪调节（Ch10）**：Kahneman系统1被情绪劫持时=最差决策。90秒规则=给系统2争取时间。→ **执行（Ch11）**：预承诺=用Type1决策保护Type2执行。→ **戒断（Ch12）**：Taleb""小损失=反脆弱疫苗""=戒断中""复发不是失败，是暴露系统薄弱点""——同一逻辑的不同应用。","general-methodology","P1","unverified-secondary-note","unknown","blocked-chapter-source","resolved-qualified","qualify"
"MC-0205","01-项目/meta-abilities/专注.md","21","Cal Newport把工作分为两种。浅层工作——回邮件、开会、整理文件。任何可以在被频繁打断的状态下完成的事。深度工作——写有论证结构的长文、解困难编程问题、读需要边读边思考的书。任何需要持续专注一个认知任务超过30分钟不被打断的事。","learning-behavior","P1","unverified-secondary-note","unknown","blocked-chapter-source","resolved-qualified","qualify"
"MC-0206","01-项目/meta-abilities/专注.md","23","你的大脑每天能维持深度工作的生理上限约4小时。顶尖知识工作者可达6小时。普通人的目标不是""努力到4小时""——是""保护这仅有的2-4小时不被切成碎片""。","learning-behavior","P1","unverified-secondary-note","unknown","blocked-chapter-source","resolved-qualified","qualify"
"MC-0207","01-项目/meta-abilities/专注.md","25","Gloria Mark研究注意力中断二十多年。她的核心发现：一次中断后重新进入深度状态平均需要23分钟——不是""回复消息花了30秒所以浪费30秒""，是回复之后大脑需要23分钟重建被打断前的沉浸水平。一天被打断6次，138分钟浪费在重新加载上。这就好比学者在菜市场写论文——每写三行字就有人问""这卖的是什么""，一天下来全是开头。而在图书馆没人打扰，写了三页。你的手机就是菜市场，每次通知就是一声""这卖的是什么""。关掉通知就是从菜市场搬到了图书馆。更进一步：给你一根十米粗绳拉陷在泥里的车，力够大能拉动——但绳子被锯成五十段二十厘米，段间打了松结，一拉就断。深度工作需要连续长度，通知和切换就是把你的绳子锯成碎段。","learning-behavior","P1","unverified-secondary-note","unknown","blocked-chapter-source","resolved-qualified","qualify"
"MC-0208","01-项目/meta-abilities/专注.md","46","**深度时间块**：每天固定2小时——手机关机/放另一个房间。电脑断网。任何人不能侵入。","learning-behavior","P1","unverified-secondary-note","unknown","blocked-chapter-source","resolved-qualified","qualify"
"MC-0209","01-项目/meta-abilities/专注.md","48","**关机仪式**：时间块结束后花5分钟写——今天做到了哪、明天从哪开始、有什么未闭合的循环。告诉大脑""今天的工作已完成，释放内存""。","learning-behavior","P1","unverified-secondary-note","unknown","blocked-chapter-source","resolved-qualified","qualify"
"MC-0210","01-项目/meta-abilities/专注.md","80","**深度时间块**：每天固定2小时。手机在另一个房间。电脑断网。门上挂""勿扰""。任何人任何事不侵入。","learning-behavior","P1","unverified-secondary-note","unknown","blocked-chapter-source","resolved-qualified","qualify"
"MC-0211","01-项目/meta-abilities/专注.md","81","**关机仪式**：时间块结束花5分钟写——今天到哪、明天从哪开始、未闭合的循环。","learning-behavior","P1","unverified-secondary-note","unknown","blocked-chapter-source","resolved-qualified","qualify"
"MC-0212","01-项目/meta-abilities/专注.md","86","**第一步：Day 0——测量你的现状A。** 连续3天记录：(1)每天被动拿起手机次数；(2)每天最长连续不中断工作分钟数（不是""工作""，是""不被任何通知/切换打断的连续工作""）；(3)每天实际深度产出（字数/代码行/问题解决数）。取3天平均——这就是你的专注力A。大多数人的A：被动拿起手机20-40次/天，最长连续工作<15分钟。","learning-behavior","P1","unverified-secondary-note","unknown","blocked-chapter-source","resolved-qualified","qualify"
"MC-0213","01-项目/meta-abilities/专注.md","88","**第二步：定义目标B——分三阶段。** 阶段1（第1-7天）：被动拿起手机<15次/天。操作：通知清零+充电器移出卧室+电脑断网。阶段2（第8-21天）：最长连续工作≥60分钟。操作：深度时间块每天固定2小时（手机关机/另一个房间）+关机仪式。阶段3（第22-30天）：日均深度产出翻倍。操作：维持上述所有操作，开始追踪产出数据。","learning-behavior","P1","unverified-secondary-note","unknown","blocked-chapter-source","resolved-qualified","qualify"
"MC-0214","01-项目/meta-abilities/专注.md","92","**第四步：判断B是否达成。** 连续7天被动拿起<5次/天+最长连续工作>90分钟→B达成。此时你的深度工作能力已从碎片化恢复为连续化。","learning-behavior","P1","unverified-secondary-note","unknown","blocked-chapter-source","resolved-qualified","qualify"
"MC-0215","01-项目/meta-abilities/专注.md","107","**清晰目标**：你知道这一刻要做什么。不是""今天要写文章""——是""接下来30分钟我要写完第三段的论证部分""。目标越具体，心流触发越快。","learning-behavior","P1","unverified-secondary-note","unknown","blocked-chapter-source","resolved-qualified","qualify"
"MC-0216","01-项目/meta-abilities/专注.md","119","一位外科医生描述他在一次复杂手术中的体验——手术持续了八小时，他以为只过了两小时。""不是时间过得快——是根本没有时间的概念。整个世界缩小到了我手上的手术刀和病人身体之间那几厘米的空间。护士递工具，我接过来——这些动作不在我的意识里。我的意识完全占据了手术的每一个决策点。""","learning-behavior","P1","unverified-secondary-note","unknown","blocked-chapter-source","resolved-qualified","qualify"
"MC-0217","01-项目/meta-abilities/元认知.md","18","你在生气。如果你100%在生气——你就是那个生气。你没有""观察生气的自己""——你被生气吞了。","psychology-behavior","P1","unverified-secondary-note","unknown","blocked-chapter-source","resolved-qualified","qualify"
"MC-0218","01-项目/meta-abilities/元认知.md","20","如果你80%在生气，20%在观察——脑子里有一个声音说""我注意到我正在生气""。那个声音不是生气——它在生气旁边。它给了你""选择不吼出来""的间隙。","psychology-behavior","P1","unverified-secondary-note","unknown","blocked-chapter-source","resolved-qualified","qualify"
"MC-0219","01-项目/meta-abilities/元认知.md","38","**每日呼吸观察5分钟**。练的不是""专注""——是""注意到自己走神了""的能力。","psychology-behavior","P1","unverified-secondary-note","unknown","blocked-chapter-source","resolved-qualified","qualify"
"MC-0220","01-项目/meta-abilities/元认知.md","40","**每日思维回放5分钟**。睡前回放今天一个情绪波动时刻——事实→感受→原因。","psychology-behavior","P1","unverified-secondary-note","unknown","blocked-chapter-source","resolved-qualified","qualify"
"MC-0221","01-项目/meta-abilities/元认知.md","59","不是""感觉更平静了""——是脑结构在物理层面被改变了。八周的每天平均27分钟正念练习。可测量的灰质密度变化。","psychology-behavior","P1","unverified-secondary-note","unknown","blocked-chapter-source","resolved-qualified","qualify"
"MC-0222","01-项目/meta-abilities/元认知.md","63","**第一阶（日课·呼吸观察5分钟）**：不对抗思绪，不追求""不想东西""。只是观察呼吸——然后注意到思绪飘走了——然后回到呼吸。练的不是""专注""，是""注意到自己没在专注""的那个觉察瞬间。那一个瞬间就是元认知——你在观察自己的注意力。","psychology-behavior","P1","unverified-secondary-note","unknown","blocked-chapter-source","resolved-qualified","qualify"
"MC-0223","01-项目/meta-abilities/元认知.md","65","**第二阶（日课·思维回放5分钟）**：睡前回放今天一个情绪波动时刻。发生了什么→感觉到了什么→为什么会有那种感觉→下次可以有什么不同。练的是""在情绪发生后拉开一段距离观察它""。","psychology-behavior","P1","unverified-secondary-note","unknown","blocked-chapter-source","resolved-qualified","qualify"
"MC-0224","01-项目/meta-abilities/系统思维.md","18","Donella Meadows说系统由三层构成——要素（组件）、连接（规则和信息流）、功能/目的（系统的目标函数）。改变系统最有效的方式不是换零件——是改连接结构。","general-methodology","P1","unverified-secondary-note","unknown","blocked-chapter-source","resolved-qualified","qualify"
"MC-0225","01-项目/meta-abilities/系统思维.md","25","**每日系统笔记**：任何问题花5分钟拆——要素、连接、目标函数。","general-methodology","P1","unverified-secondary-note","unknown","blocked-chapter-source","resolved-qualified","qualify"
"MC-0226","01-项目/meta-abilities/系统思维.md","44","**(12) 参数**——调数字。更努力、更自律、更高效、工资涨5%。最弱杠杆——因为参数是系统的输出，不是输入。改变输出不会改变系统的运行方式。你把自己逼得更努力——但系统的结构（你每天早上第一个动作、信息摄入来源、环境设计）没有变——你的""更努力""会被系统结构的反作用力抵消。","general-methodology","P1","unverified-secondary-note","unknown","blocked-chapter-source","resolved-qualified","qualify"
"MC-0227","01-项目/meta-abilities/系统思维.md","50","**(9) 延迟**——缩短因果关系之间的时间差。缩短""行动→看到结果""的反馈周期。写公众号（延迟2-3天看到数据）→改发即刻碎片（延迟2-3小时看到数据）。延迟越短→学习越快。","general-methodology","P1","unverified-secondary-note","unknown","blocked-chapter-source","resolved-qualified","qualify"
"MC-0228","01-项目/meta-abilities/系统思维.md","89","**输入审计**：过去一年我的信息摄入来源——推荐流占比vs主动搜索占比。信息摄入的质量上限=决策质量的上限。**规则审计**：过去一年的关键习惯和环境设计——哪些规则在自动替我做出好决定（手机不进卧室），哪些规则在被忽视（周末作息）。**产出审计**：过去一年的产出——资产层产出（文章/代码/产品——可以继续产生复利的东西）vs消费层产出（回邮件/开会/整理——做完就没了）。**杠杆层审计**：Meadows十二杠杆——今年时间花在哪个层。L12参数层___%。L8-5改规则/信息流___%。L3-2换目标/范式___%。明年转移10%从L12到L8-5。","general-methodology","P1","unverified-secondary-note","unknown","blocked-chapter-source","resolved-qualified","qualify"
"MC-0229","01-项目/meta-abilities/系统思维.md","92","每年12月最后一周——做一次完整审计。记录四个维度的数据。对比去年——系统在进化还是退化。设定明年唯一的杠杆转移目标（如""从L12参数层的70%降到60%，L8-5从10%升到20%""）。","general-methodology","P1","unverified-secondary-note","unknown","blocked-chapter-source","resolved-qualified","qualify"
"MC-0230","01-项目/meta-abilities/创造力.md","50","白帽（事实）：只关心客观数据——""我们有什么信息？缺少什么信息？""红帽（情感）：只关心直觉和感受——""我对这件事的直觉是什么？""黑帽（风险）：只关心哪里可能出错——""最坏的情况是什么？""黄帽（乐观）：只关心机会和价值——""最好的情况是什么？""绿帽（创意）：只关心新可能性——""有什么完全不同的做法？""蓝帽（控制）：管理思考过程——""我们下一步应该用哪顶帽子？""","general-methodology","P1","unverified-secondary-note","unknown","blocked-chapter-source","resolved-qualified","qualify"
"MC-0231","01-项目/meta-abilities/创造力.md","61","James Webb Young在1939年写了一本不到50页的小册子，后来成了广告和创意行业的圣经。","general-methodology","P1","unverified-secondary-note","unknown","blocked-chapter-source","resolved-qualified","qualify"
"MC-0232","01-项目/meta-abilities/创造力.md","63","**第一步：收集素材。** 两种素材——特定素材（跟你当前要解决的问题直接相关的深度资料）和一般素材（跟问题无关的广泛积累——读杂书、看电影、逛美术馆、旅行）。大多数人只做第一种——盯着问题找答案。Young说第二种同等重要——因为解决方案可能来自完全不相关的领域。","general-methodology","P1","unverified-secondary-note","unknown","blocked-chapter-source","resolved-qualified","qualify"
"MC-0233","01-项目/meta-abilities/创造力.md","67","**第三步：放下。** 完全不再有意识地想这个问题。散步、看电影、睡觉。大脑的无意识加工作业在后台继续——默认模式网络在无人监管下自由连接。","general-methodology","P1","unverified-secondary-note","unknown","blocked-chapter-source","resolved-qualified","qualify"
"MC-0234","01-项目/meta-abilities/创造力.md","71","**第五步：推向现实。** 想法在脑子里是完美的——落到现实里必然暴露缺陷。暴露缺陷→修正→再试→再修正。这步淘汰了90%的""好想法""——它们在脑子里很好，在现实中站不住。","general-methodology","P1","unverified-secondary-note","unknown","blocked-chapter-source","resolved-qualified","qualify"
"MC-0235","01-项目/meta-abilities/情绪调节.md","18","有人说让你生气的话。杏仁核检测威胁→释放肾上腺素和皮质醇→心跳加速、呼吸变浅、肌肉绷紧。这波生理浪潮——90秒内自然消退。","medical-health","P0","unverified-secondary-note","unknown","blocked-chapter-source","resolved-qualified","qualify"
"MC-0236","01-项目/meta-abilities/情绪调节.md","20","但你没有让它退。你在脑子里反复播放那个人说的话——""他凭什么这样""——杏仁核再放一波，再放一波。每一次回放都在重新激活那波浪潮。你以为情绪持续了一个下午——是90秒的浪潮被你手动重播了几十遍。往池塘扔一块石头，涟漪扩散到岸边水面恢复平静大概90秒；如果在水面还没恢复时又扔石头，涟漪永远不会消失。两个路人在街上撞了一下：第一个人越想越气回头骂了一句吵起来，损失了一个下午的平静；第二个人深呼吸默数了二十秒，浪潮退下去走远了，花了二十秒买回了整个下午。同样的刺激，不同的结局。","medical-health","P0","unverified-secondary-note","unknown","blocked-chapter-source","resolved-qualified","qualify"
"MC-0237","01-项目/meta-abilities/情绪调节.md","32","**90秒规则**：情绪特别强烈时——不做任何行为反应，默数90秒。","psychology-behavior","P1","unverified-secondary-note","unknown","blocked-chapter-source","resolved-qualified","qualify"
"MC-0238","01-项目/meta-abilities/情绪调节.md","46","**第二步：定义目标B。** B1（第1-7天）：每次情绪触发后，能在90秒内完成一次RAIN观察（不要求不爆发，只要求""观察了""）。B2（第8-14天）：情绪触发后，恢复时间从A的平均值降到一半。B3（第15-21天）：至少50%的情绪触发事件中，做到了""观察→不冲动行为""。","psychology-behavior","P1","unverified-secondary-note","unknown","blocked-chapter-source","resolved-qualified","qualify"
"MC-0239","01-项目/meta-abilities/情绪调节.md","48","**第三步：执行。** 日课：呼吸观察5分钟（训练觉察肌肉）+认知重评微练习（每天找一个负面情绪切换一种解释）。周课：去中心化日记+情绪触发清单更新。月课：情境选择审计（被触发最多的前三个情境→下月避开）。","psychology-behavior","P1","unverified-secondary-note","unknown","blocked-chapter-source","resolved-qualified","qualify"
"MC-0240","01-项目/meta-abilities/情绪调节.md","52","**第五步：判断B是否达成。** 连续两周恢复时间<5分钟+冲动行为率<20%→B达成。此时你的情绪调节从""被控制""切换为""有选择""。","psychology-behavior","P1","unverified-secondary-note","unknown","blocked-chapter-source","resolved-qualified","qualify"
"MC-0241","01-项目/meta-abilities/情绪调节.md","66","**呼吸观察**（日课）→**90秒规则**（情绪来时——不做任何反应，默数90秒让浪潮自然退）→**认知重评日志**（周课·写""触发事件→自动解释→另一种可能的解释""）→**情境选择清单**（月课·列出并主动避开最高频的触发情境）","psychology-behavior","P1","unverified-secondary-note","unknown","blocked-chapter-source","resolved-qualified","qualify"
"MC-0242","01-项目/meta-abilities/情绪调节.md","71","- 呼吸观察5分钟（练觉察）","psychology-behavior","P1","unverified-secondary-note","unknown","blocked-chapter-source","resolved-qualified","qualify"
"MC-0243","01-项目/meta-abilities/情绪调节.md","72","- 90秒规则（情绪来时默数90秒，不做行为反应）","psychology-behavior","P1","unverified-secondary-note","unknown","blocked-chapter-source","resolved-qualified","qualify"
"MC-0244","01-项目/meta-abilities/情绪调节.md","81","- Barrett数据库更新（本月在同样类型的触发下尝试了多少次不同解释——至少3次新解释=数据库在更新）","psychology-behavior","P1","unverified-secondary-note","unknown","blocked-chapter-source","resolved-qualified","qualify"
"MC-0245","01-项目/meta-abilities/执行.md","28","BJ Fogg在斯坦福研究了二十年的行为设计，得出了一个完全相反的结论：问题不在你。问题在你的行为设计。你一直在试图用""动机""（Motivation）来驱动行为，但动机是人类心理系统里最不可靠的变量。它像海浪——涨潮时你觉得什么都能做，退潮时你连起床都觉得费力。用海浪来驱动一艘船的航行——不是船的问题，是你在用一个不稳定的能源。","learning-behavior","P1","unverified-secondary-note","unknown","blocked-chapter-source","resolved-qualified","qualify"
"MC-0246","01-项目/meta-abilities/执行.md","60","看看两个戒烟的人。第一个人决定""从今天起一根不抽""，动机高峰撑了三天，第四天朋友递了一根，接了过来。第二个人没有决定""从今天起一根不抽""，他先改了一个更小的行为——""起床后第一根烟推迟30分钟""。不是不抽，是推迟。这一步的坡度几乎不需要意志力。一周后延迟到了60分钟，再一周延迟到了午饭前。三个月后一天只抽三根，六个月后归零。他没有""戒掉烟""——他设计了从起点到终点的滑梯，每一步的坡度都不需要意志力。","learning-behavior","P1","unverified-secondary-note","unknown","blocked-chapter-source","resolved-qualified","qualify"
"MC-0247","01-项目/meta-abilities/执行.md","68","起点和终点之间的差距太大，一次跳跃必然失败。把整个差距拆成至少五到十个微小台阶，每个台阶只比上一个难一点点——主观费力感增幅不超过一分。规则很简单：当前台阶连续三天完成率百分百，就进入下一个台阶；完成率低于百分之六十，就退回到上一个台阶，把坡度再调缓一些。每个台阶都过一遍Fogg MAP检查：动机在一天中什么时候最高就安排在什么时候，能力还能不能再降低，触发信号放在不可能错过的地方了吗。","learning-behavior","P1","unverified-secondary-note","unknown","blocked-chapter-source","resolved-qualified","qualify"
"MC-0248","01-项目/meta-abilities/执行.md","104","Wendy Wood在《Good Habits, Bad Habits》里用几十年的研究数据推翻了一个流行了几十年的迷思——习惯的改变靠""决心""和""意志力""。她的核心发现：人类每天43%的行为是习惯驱动的——不是决策驱动的。你每天早上怎么刷牙、走哪条路去上班、坐下来先打开什么——这些不是你""决定""的，是你的基底节在自动执行的存储程序。","medical-health","P0","unverified-secondary-note","unknown","blocked-chapter-source","resolved-qualified","qualify"
"MC-0249","01-项目/meta-abilities/执行.md","106","Wood的研究表明——习惯改变的最有效策略不是""下决心""，不是""自我监控""，不是""设立奖惩""。最有效的策略是""环境重设计""——改变触发习惯的物理环境信号。把坏习惯的触发信号从环境里移除——坏习惯自然萎缩。把好习惯的触发信号放在你不可能错过的地方——好习惯自然生长。","learning-behavior","P1","unverified-secondary-note","unknown","blocked-chapter-source","resolved-qualified","qualify"
"MC-0250","01-项目/meta-abilities/执行.md","118","第二个人搬了家。新家的冰箱里没有冰淇淋。新家附近的超市他不熟悉——晚上八点想买冰淇淋得开车十五分钟。第一个月他瘦了五斤——不是因为""更自律""，是因为他的新环境里没有触发""吃冰淇淋""的信号。环境替他做了决定。Wood的数据——搬家、换工作、分手——这些重大生活变化期的习惯改变成功率是平时的3倍。因为环境信号被大规模重置了——所有旧习惯的触发器同时消失了。","learning-behavior","P1","unverified-secondary-note","unknown","blocked-chapter-source","resolved-qualified","qualify"
"MC-0251","01-项目/meta-abilities/执行.md","131","选明天。不是写""明天要做的事""——是画一张明天的时间表。每30分钟一个格子。把明天该做的事填进格子里——不是""上午写文章""，是""9:00-11:00写文章""。到时间了——不需要""决定""要不要写，表上写了，你照做。一天结束——回看表上完成了几个格子。不是为了""评估效率""，是为了让你看到——""我实际的一天和我计划的一天之间差了多少""。下周根据这个差距调整时间盒的分配。","learning-behavior","P1","unverified-secondary-note","unknown","blocked-chapter-source","resolved-qualified","qualify"
"MC-0252","01-项目/meta-abilities/执行.md","144","**障碍三：初始阻力。** 开始新行为的启动摩擦力远大于继续已开始的行为。牛顿定律行为版——静止的物体倾向于保持静止。对策：MVS——把行为压缩到""荒谬地小""。不是""做50个俯卧撑""——是""趴在垫子上做1个""。不是""写2000字""——是""打开文档写一行字""。","learning-behavior","P1","unverified-secondary-note","unknown","blocked-chapter-source","resolved-qualified","qualify"
"MC-0253","01-项目/meta-abilities/执行.md","176","BJ Fogg的B=MAP是行为设计底座。Wendy Wood的43%习惯驱动是环境设计依据。Nir Eyal的内部触发管理是分心根因方案。Katy Milkman的三大障碍+三对策是应用层工具箱。James Clear的身份锚定是长期维持层。五层合一——执行从""我要更努力""变为""我设计了一个让正确行为自动发生的系统""。","learning-behavior","P1","unverified-secondary-note","unknown","blocked-chapter-source","resolved-qualified","qualify"
"MC-0254","01-项目/meta-abilities/执行.md","209","互锁系统的设计原则——每个习惯的""完成""变成下一个习惯的""提示""。晨间堆叠链：起床→喝水→打开窗帘（晨光10分钟）→穿上跑鞋出门（运动MVS）→回来洗完澡→打开Typora写一行字（写作MVS）。五个习惯被锁成一条链——第一个习惯的完成自动触发第二个。你不需要""记得""做这五件事——你只需要完成第一个（起床），后面的四个被链式自动触发。","learning-behavior","P1","unverified-secondary-note","unknown","blocked-chapter-source","resolved-qualified","qualify"
"MC-0255","01-项目/meta-abilities/执行.md","233","James Clear在《原子习惯》里提出了习惯改变的三层模型。最外层——结果层（""我想减10斤""）。中间层——过程层（""我每天跑步30分钟""）。最内层——身份层（""我是一个每天运动的人""）。","learning-behavior","P1","unverified-secondary-note","unknown","blocked-chapter-source","resolved-blocked","block"
"MC-0256","01-项目/meta-abilities/执行.md","235","结果层最容易失败——因为结果不在你的直接控制范围内。你可以每天跑步30分钟，但体重可能因为饮食、睡眠、压力没降。结果没达成→觉得""没用""→放弃。身份层最不容易失败——因为身份不需要验证。你今天跑了——你是。今天没跑——你也是，只是一天没跑。明天继续。","medical-health","P0","unverified-secondary-note","unknown","blocked-chapter-source","resolved-qualified","qualify"
"MC-0257","01-项目/meta-abilities/执行.md","250","三个经典预承诺策略——尤利西斯合约（Ulysses Contract）：你提前把自己绑在桅杆上，让塞壬的歌声无法诱惑你。现代版——删除游戏App（不是""控制自己不打""，是""让自己打不了""）。损失厌恶杠杆：你提前放一笔钱在朋友那里，告诉他""如果我这周没写完文章，这笔钱就捐给我最讨厌的政党""。损失厌恶系数约2:1——你为了避免损失愿意付出比追求收益多一倍的努力。公开承诺：你在朋友圈/即刻上公开发布""接下来30天每天写300字，如果中断一天就在群里发200块红包""。公开承诺触发了Cialdini的""承诺一致""原则——你的大脑不喜欢""在公开场合说话不算话""的认知失调。","learning-behavior","P1","unverified-secondary-note","unknown","blocked-chapter-source","resolved-qualified","qualify"
"MC-0258","01-项目/meta-abilities/执行.md","263","**阶段一：MVS启动期（第1-30天）。** 唯一目标——每天完成最低剂量。不是""养成习惯""，是""让基底节开始接收重复信号""。MVS的标准——你可以在任何状态下完成（感冒、失眠、分手）。如果MVS在某天中断了——不补，第二天继续。连续性比单次质量重要一百倍。","medical-health","P0","unverified-secondary-note","unknown","blocked-chapter-source","resolved-qualified","qualify"
"MC-0259","01-项目/meta-abilities/执行.md","265","**阶段二：习惯堆叠整合期（第31-60天）。** MVS已经半自动化。开始把MVS接在已有习惯后面——用旧习惯的自动化带动新习惯的巩固。在这个阶段——中断的主要原因是""锚点习惯""本身不稳定。如果你的锚点是""刷牙""，但你有时候会不刷牙——换一个更可靠的锚点。","learning-behavior","P1","unverified-secondary-note","unknown","blocked-chapter-source","resolved-qualified","qualify"
"MC-0260","01-项目/meta-abilities/执行.md","267","**阶段三：环境自动化期（第61-90天）。** 习惯已经比较稳定。开始用Wood的环境设计原则——把触发信号放在不可能错过的地方。跑鞋永远在床边。维生素永远在键盘上。这个阶段的目标——不是你""记得""做，是你""不可能不碰到触发信号""。","learning-behavior","P1","unverified-secondary-note","unknown","blocked-chapter-source","resolved-qualified","qualify"
"MC-0261","01-项目/meta-abilities/执行.md","269","**阶段四：身份锚定期（第91-365天）。** 习惯已经基本自动化。开始用Clear的身份层——不是""我在做X""，是""我是一个做X的人""。这个阶段的目标——行为已经和身份融合。你不需要""坚持""——因为不做反而需要解释（""我是一个写作者，我今天为什么没写？""）。","learning-behavior","P1","unverified-secondary-note","unknown","blocked-chapter-source","resolved-qualified","qualify"
"MC-0262","01-项目/meta-abilities/执行.md","278","BJ Fogg的B=MAP是行为设计底座——行为=动机×能力×提示。Wendy Wood的43%习惯驱动是环境设计依据——改变环境信号比改变决心有效。Charles Duhigg的习惯回路是重写工具——提示和奖励不变，替换中间的行为。Nir Eyal的内部触发管理是分心根因方案——分心不是注意力问题，是情绪逃避。Katy Milkman的三大障碍+三对策是应用工具箱——即时满足捆绑、提示强化、MVS。James Clear的身份锚定是长期维持层——""我是写作者""比""我在尝试写作""有效一百倍。六层合一——执行从""我要更努力""变为""我设计了一个让正确行为自动发生的系统""。","learning-behavior","P1","unverified-secondary-note","unknown","blocked-chapter-source","resolved-qualified","qualify"
"MC-0263","01-项目/meta-abilities/执行.md","286","→ **自学（Ch1）**：MVS（每天一行字）=自学的启动引擎。Fogg模型解释为什么""每天学2小时""失败而""每天一行字""成功——前者能力门槛太高，后者动机为零也能完成。→ **健康（Ch4）**：身体状态=Fogg模型中动机和能力变量的底层控制器。晨光+运动+饮食决定执行下限。→ **决策（Ch5）**：预承诺=用Type1决策保护Type2执行。Baumeister意志力=决策资源有限——早上做重要决策，晚上避免。→ **戒断（Ch12）**：环境设计=两者共同的核心工具。删除App=尤利西斯合约。→ **系统思维（Ch8）**：Fogg模型=Meadows杠杆的行为层应用——改变提示（L6信息流结构）比改变动机（L12参数）有效得多。","learning-behavior","P1","unverified-secondary-note","unknown","blocked-chapter-source","resolved-qualified","qualify"
"MC-0264","01-项目/meta-abilities/执行.md","291","BJ Fogg的B=MAP是行为设计底座——行为=动机×能力×提示。Wendy Wood的43%习惯驱动是环境设计依据——改变环境信号比改变决心有效。Charles Duhigg的习惯回路是重写工具。Nir Eyal的内部触发管理是分心根因方案。Katy Milkman的三大障碍+三对策是应用工具箱。James Clear的身份锚定是长期维持层——""我是写作者""比""我在尝试写作""有效。预承诺用清醒时的理性替未来做决定。四阶段模型——MVS启动→习惯堆叠整合→环境自动化→身份锚定。八层合一——执行从""我要更努力""变为""我设计了一个让正确行为自动发生的系统""。基底节不看质量，看频率。复利不看单次产出，看连续性。","medical-health","P0","unverified-secondary-note","unknown","blocked-chapter-source","resolved-qualified","qualify"
"MC-0265","01-项目/meta-abilities/执行.md","297","比MVS更激进——""每天做1个俯卧撑的人，一年后比每月去一次健身房练到力竭的人肌肉更强。""不是1个有效——是""每天做""训练基底节。每天只设一个迷你习惯。超额是奖励，不是义务。","medical-health","P0","unverified-secondary-note","unknown","blocked-chapter-source","resolved-qualified","qualify"
"MC-0266","01-项目/meta-abilities/戒断.md","39","Brewer的""正念戒断""——不是""压制渴求""。是""观察渴求""。当一个渴求出现时，不做任何行为反应，只是观察身体的感觉——心跳加速、手心出汗、脑子里反复出现喝酒或刷手机的画面。把这个感觉当作一个在实验室里观察的样本，不评判不压制不行动。他的临床数据显示，用正念训练替代意志力戒断的人复发率比传统戒断组低了百分之四十——不是因为他们更能忍，是因为他们学会了在渴求和行动之间插入一个观察的间隙，这个间隙最初可能只有两秒，训练久了可以延长到十秒、三十秒、九十秒。Lembke说的九十秒情绪浪潮自然退去，在渴求上也成立——大多数渴求浪潮在九十秒内会自然退去，如果你不去反复激活它的话。","medical-health","P0","unverified-secondary-note","unknown","blocked-chapter-source","resolved-qualified","qualify"
"MC-0267","01-项目/meta-abilities/戒断.md","48","Gabor Maté在《In the Realm of Hungry Ghosts》里用几十年的临床经验得出了一个让人不舒服的结论——成瘾的根源不是""这个人意志力薄弱""或""这个人道德有缺陷""。成瘾的根源是创伤。每一个成瘾行为的背后——都藏着一个这个人在清醒时无法面对的痛苦。海洛因不是问题——海洛因是这个人给自己找到的最有效的止痛药。","medical-health","P0","unverified-secondary-note","unknown","blocked-chapter-source","resolved-qualified","qualify"
"MC-0268","01-项目/meta-abilities/戒断.md","50","Maté的观点和Rat Park实验（Bruce Alexander, 1978）完全吻合。标准笼子里的老鼠喝吗啡水喝到死——不是因为吗啡有多强，是因为笼子是空的。老鼠乐园里的老鼠几乎不碰吗啡水——不是因为它们""更自律""，是因为它们的环境提供了连接、意义、进展。成瘾的核心驱动力不是物质，是隔离。不是""你太喜欢这个东西""——是""你的生活里除了这个东西什么都没有""。","medical-health","P0","unverified-secondary-note","unknown","blocked-chapter-source","resolved-qualified","qualify"
"MC-0269","01-项目/meta-abilities/戒断.md","59","Carl Hart是哥伦比亚大学的神经科学教授，也是第一个拿到终身教职的非裔美国药物研究者。他在《Drug Use for Grown-Ups》里提出了一个让全世界药物政策制定者都不舒服的观点——大多数人对""药物成瘾""的理解是被扭曲的。不是""药物太强了所以任何人接触都会上瘾""。是""当一个人的人生中没有更好的替代选项时——药物成了唯一的选择""。","medical-health","P0","unverified-secondary-note","unknown","blocked-chapter-source","resolved-qualified","qualify"
"MC-0270","01-项目/meta-abilities/戒断.md","63","Hart的结论不是""药物不危险""——是""成瘾的核心变量不是药物本身，是使用药物的人所处的环境""。这和Rat Park实验、和Maté的创伤理论完全一致——成瘾的三条腿：物质、个体、环境，少任何一条，成瘾的概率断崖式下降。这就好比两个人在沙漠里快渴死了，看到卖水的摊子，第一瓶一千块买了，第二瓶五百也买了，第三瓶一百继续买——喝到撑了还在买，因为他刚从""快要渴死""的状态里出来。然后他们走出沙漠回到了城市，到处是水——自来水、矿泉水、免费的饮水机。摊子还在但没人买了。不是水变了，是渴消失了。成瘾就是那个沙漠——你不是太喜欢这个东西，是你的生活里没有其他水源。走出沙漠，水源到处都是，你不需要再买那个摊子的水了。","medical-health","P0","unverified-secondary-note","unknown","blocked-chapter-source","resolved-qualified","qualify"
"MC-0271","01-项目/meta-abilities/戒断.md","72","在那些社会连接最紧密的国家——即使药物使用率高，成瘾率也极低。因为在那些国家，人的生活中不缺连接——不缺归属感、不缺被需要的感觉、不缺意义。药物只是一个""偶尔使用的物质""——不是""唯一的止痛药""。在那些社会连接最脆弱的地区——即使药物可得性低，成瘾率也极高。因为药物是他们能找到的最有效的""连接替代品""。","medical-health","P0","unverified-secondary-note","unknown","blocked-chapter-source","resolved-qualified","qualify"
"MC-0272","01-项目/meta-abilities/戒断.md","85","Brewer的RAIN协议——Recognize识别（""我注意到一个渴求出现了""）。Accept接纳（""好吧，这个感觉在这里了""，不推开不压制）。Investigate探究（""我的身体哪个部位有感觉——心跳、呼吸、肌肉""）。Note标注（""胸口有紧绷感""""手掌在出汗""""脑子里有画面""）。30-90秒完成——渴求从""吞没我的巨浪""变成""我可以在实验室里研究的样本""。Lembke的90秒浪潮——如果你不反复播放触发信号，浪潮在90秒内退去。RAIN帮你撑过这90秒。","psychology-behavior","P1","unverified-secondary-note","unknown","blocked-chapter-source","resolved-qualified","qualify"
"MC-0273","01-项目/meta-abilities/戒断.md","107","Lembke强调数字成瘾的独特性——可得性无限（手机在口袋，0.3秒拿到），剂量精准（算法工程师用A/B测试精确优化成瘾性），社会许可（没人会在餐桌上拿出海洛因，但每个人都在刷手机）。你不是在对抗""自己""——你是在对抗年薪百万的算法团队和整个社会的默认行为模式。","medical-health","P0","unverified-secondary-note","unknown","blocked-chapter-source","resolved-qualified","qualify"
"MC-0274","01-项目/meta-abilities/戒断.md","117","- 24小时多巴胺断食（每季度至少一次）——无短视频/游戏/推荐流/精制糖","medical-health","P0","unverified-secondary-note","unknown","blocked-chapter-source","resolved-qualified","qualify"
"MC-0275","01-项目/meta-abilities/戒断.md","118","- Brewer正念渴求观察——渴求来时不行动，观察身体感觉60-90秒","psychology-behavior","P1","unverified-secondary-note","unknown","blocked-chapter-source","resolved-qualified","qualify"
"MC-0276","01-项目/meta-abilities/戒断.md","119","- Lembke低多巴胺窗口（学习/工作前30分钟不碰屏幕）","medical-health","P0","unverified-secondary-note","unknown","blocked-chapter-source","resolved-qualified","qualify"
"MC-0277","01-项目/meta-abilities/戒断.md","133","- 24小时多巴胺断食执行（记录每小时主观感受——戒断反应在减弱吗）","medical-health","P0","unverified-secondary-note","unknown","blocked-chapter-source","resolved-qualified","qualify"
"MC-0278","01-项目/meta-abilities/戒断.md","144","□ **L1 Lembke多巴胺天平理解** □ **L2 Brewer正念渴求观察** □ **L3 Maté痛源识别** □ **L4 Hart选择环境建设** □ **L5 Hari社会连接重建** □ **L6 低刺激日执行** □ **L7 24小时断食执行** □ **L8 环境信号清除** □ **L9 替代行为设计** □ **L10 戒断审计**","medical-health","P0","unverified-secondary-note","unknown","blocked-chapter-source","resolved-qualified","qualify"
"MC-0279","01-项目/meta-abilities/戒断.md","149","Anna Lembke的多巴胺天平是生理机制底座。Judson Brewer的正念渴求观察是心理干预层。Gabor Maté的创伤根源是深层修复层。Carl Hart的选择环境是社会学视角。Johann Hari的社会连接是终极解药。Susan Forward的边界设立是关系保护层。Brewer的RAIN协议是即时干预工具。数字成瘾的专属策略是环境设计（删除App+灰度+充电器移出卧室）。七层合一——戒断从""控制自己不做""变为""修复痛源、重建连接、让受体自己恢复""。","medical-health","P0","unverified-secondary-note","unknown","blocked-chapter-source","resolved-qualified","qualify"
"MC-0280","01-项目/meta-abilities/戒断.md","156","Lembke的临床数据——成瘾者的平均复发次数是5-7次。""复发""不是失败——是康复过程的一部分。每一次复发都在告诉你——""上次的戒断策略在哪个环节被突破了""。这个信息比你连续戒了100天更有价值——因为它暴露了你戒断系统的薄弱点。","medical-health","P0","unverified-secondary-note","unknown","blocked-chapter-source","resolved-qualified","qualify"
"MC-0281","01-项目/meta-abilities/戒断.md","158","戒断不是""一次成功永远成功""的直线。戒断是螺旋上升——你戒了30天，复发了1天，然后又戒了60天，又复发了1天，然后戒了半年。每一次复发之间的""戒断窗口""在延长——这就是进步。","psychology-behavior","P1","unverified-secondary-note","unknown","blocked-chapter-source","resolved-qualified","qualify"
"MC-0282","01-项目/meta-abilities/戒断.md","199","在他的戒烟试验中——正念训练组的戒烟率是标准治疗组的2倍。12个月后的追踪——正念组保持戒烟的比例仍然显著高于对照组。在他的情绪化饮食试验中——正念训练组的暴食频率降低了40%，而对照组的降低幅度不显著。","medical-health","P0","unverified-secondary-note","unknown","blocked-chapter-source","resolved-qualified","qualify"
"MC-0283","01-项目/meta-abilities/戒断.md","203","Brewer的App（Eat Right Now、Craving to Quit）将正念训练模块化——用户每天花10-15分钟完成一个""渴求管理""微练习。数据——使用App 30天后，用户的渴求相关困扰评分平均下降40%。","psychology-behavior","P1","unverified-secondary-note","unknown","blocked-chapter-source","resolved-qualified","qualify"
"MC-0284","01-项目/meta-abilities/戒断.md","207","下载Brewer的免费App或在笔记本上手写记录。每天至少练习一次RAIN——遇到渴求时，不做反应，完成RAIN四步。30天后——对比Day 1和Day 30，你的渴求困扰评分（1-10）降了多少。","psychology-behavior","P1","unverified-secondary-note","unknown","blocked-chapter-source","resolved-qualified","qualify"
"MC-0285","01-项目/meta-abilities/戒断.md","216","**生理层（Lembke）**：每周至少一天24小时多巴胺断食。每天学习/工作前30分钟低多巴胺窗口。每周一天低刺激日——让D2受体持续上调。三个月后——受体敏感度可测量回升。","medical-health","P0","unverified-secondary-note","unknown","blocked-chapter-source","resolved-qualified","qualify"
"MC-0286","01-项目/meta-abilities/戒断.md","218","**心理层（Brewer）**：每次想刷手机时——先用RAIN观察渴求60-90秒。大多数渴求在RAIN之后强度下降50%以上。手机环境三改——删除推荐流App、灰度模式、充电器移出卧室。","psychology-behavior","P1","unverified-secondary-note","unknown","blocked-chapter-source","resolved-qualified","qualify"
"MC-0287","01-项目/meta-abilities/戒断.md","224","选下周。每天执行——晨间30分钟不碰屏幕（Lembke低多巴胺窗口）。每次想刷手机时做一次RAIN（Brewer渴求观察）。每天跟一个真人面对面或语音聊天至少5分钟（Hari社会连接）。7天后——评估你的屏幕使用时间（手机设置里有数据），和你的主观""想做正常事情""的感觉（1-10）。对比实验前后的数据。","medical-health","P0","unverified-secondary-note","unknown","blocked-chapter-source","resolved-qualified","qualify"
"MC-0288","01-项目/meta-abilities/戒断.md","232","靶子是具体的：日均屏幕少于两小时，其中社交媒体和娱乐少于三十分钟，被动解锁少于五次，对正常事物的""想做""感七分以上。如果起点是日均六小时，离靶子差四小时，一次到位必然失败，拆成四个阶段。","psychology-behavior","P1","unverified-secondary-note","unknown","blocked-chapter-source","resolved-qualified","qualify"
"MC-0289","01-项目/meta-abilities/戒断.md","241","Anna Lembke的多巴胺天平是生理机制底座——峰值-崩溃恒稳态。Judson Brewer的正念渴求观察是心理干预层——RAIN四步即时干预。Gabor Maté的创伤根源是深层修复层——成瘾是止痛药。Carl Hart的选择环境是社会学视角——药物不是问题，空笼子才是。Johann Hari的社会连接是终极解药——成瘾的反面是连接。十层合一——戒断从""控制自己不做""变为""修复痛源、重建连接、让受体自己恢复""。","medical-health","P0","unverified-secondary-note","unknown","blocked-chapter-source","resolved-qualified","qualify"
"MC-0290","01-项目/meta-abilities/戒断.md","245","**机制一：Lembke多巴胺天平的量化。** Lembke给出了天平的操作性定义：每一次往""快乐""踩一脚，大脑自动往""痛苦""踩等量一脚——恒稳态机制。D2受体在连续两周高强度刺激后下降15-30%。恢复需24小时低刺激后开始上调，完全恢复约30天。你今天刷了三小时短视频——不是在消耗今天，是在用未来30天的动力基线买单。Lembke处方：24小时断食激活上调，每周一天低刺激日维持敏感度，每天学习前30分钟低多巴胺窗口让受体回落至基线。","medical-health","P0","unverified-secondary-note","unknown","blocked-chapter-source","resolved-qualified","qualify"
"MC-0291","01-项目/meta-abilities/戒断.md","247","**机制二：Brewer RAIN的神经基础。** Brewer的fMRI实验证明：压制渴求时前额叶发""不要""，杏仁核渴求信号反被增强——意志力戒断必然失败。但RAIN观察时脑区模式切换：前额叶和岛叶激活，杏仁核被抑制。不是""更有意志力""——是换了脑回路。最关键的是Accept（接纳）：不推开渴求，允许它存在。推开渴求给它额外能量，允许存在让能量自然耗散。Lembke说渴求浪潮90秒自然退去——RAIN帮你撑过这90秒。","medical-health","P0","unverified-secondary-note","unknown","blocked-chapter-source","resolved-qualified","qualify"
"MC-0292","01-项目/meta-abilities/戒断.md","251","→ **健康（Ch4）**：Lembke低刺激日=健康章核心日课。Sapolsky安全信号=渴求管理工具。Lembke多巴胺天平→Walker睡眠→Ratey BDNF→三条生理通路共享同一受体机制。→ **情绪调节（Ch10）**：Brewer RAIN=情绪调节在渴求管理中的特定应用。90秒规则=渴求浪潮的自然消退周期。→ **执行（Ch11）**：环境设计=戒断核心工具。删除App+灰度+充电器移出=Fogg模型中""提示""维度的极端应用——让坏行为的触发信号从环境中完全消失。→ **自我精神分析（Ch13）**：Maté痛源=成瘾深层根因。戒断的最终解决方案不在生理层（Lembke）也不在心理层（Brewer）——在社会连接层（Hari）和自我修复层（Maté）。修复痛源需要自我精神分析的工具箱。→ **系统思维（Ch8）**：成瘾=Meadows杠杆的系统级问题——只调参数（更努力戒）无效，需要改变系统结构（环境设计+社会连接重建+痛源修复）。","medical-health","P0","unverified-secondary-note","unknown","blocked-chapter-source","resolved-qualified","qualify"
"MC-0293","01-项目/meta-abilities/戒断.md","275","了解这个模型不是为了""谴责科技公司""——是为了""让你看清敌人的战术""。每一次你被一个App""粘住""——不是因为你意志力差。是因为你对面坐着一个年薪百万的产品团队，他们的唯一KPI就是""让用户多看一秒""。他们的武器库里有——A/B测试的精确数据（知道什么颜色、什么时间、什么措辞最能触发你的多巴胺）、变量奖励的老虎机机制（下滑刷新的动作=拉老虎机的手柄）、无限滚动的设计（你永远不知道下一条是什么——不确定性最大化）。你不是在""放松""——你是在一个精心设计的注意力陷阱里当猎物。","medical-health","P0","unverified-secondary-note","unknown","blocked-chapter-source","resolved-qualified","qualify"
"MC-0294","01-项目/meta-abilities/自我精神分析.md","28","Alice Miller在《天才儿童的悲剧》里写了一个残酷的真相——""一个人如果不愿意放弃'父母有一天会变成我需要的那个样子'的幻想，就永远不会真正长大。""不是""父母不该被责怪""——是他们不会变。你要在""他们不会变""的前提下设计你的修复方案。","psychology-behavior","P1","unverified-secondary-note","unknown","blocked-chapter-source","resolved-qualified","qualify"
"MC-0295","01-项目/meta-abilities/自我精神分析.md","57","这是依恋理论最残酷的发现。依恋模式会代际传递。一个被焦虑型母亲带大的孩子——学会了""我必须时刻关注别人的情绪才能确保自己不被抛弃""。他成年后做了父亲——他发誓""我一定不会像我妈妈那样情绪不稳定""。但他发现自己在孩子哭泣时会不由自主地焦虑——他的焦虑让孩子更加不安——孩子开始学着""管理爸爸的情绪""——孩子的依恋模式变成了焦虑型。他越努力不成为他妈——他越像他妈。因为依恋模式的传递不通过""意识层面的决心""——它通过""潜意识层面的自动反应""。你大脑深处被编码的""如何回应亲密关系中的信号""——是在你自己还不会说话时被写进去的。打破代际传递的唯一方式——不是""发誓不做""，是""先看清自己被写了什么程序，然后花十年慢慢改写""。","medical-health","P0","unverified-secondary-note","unknown","blocked-chapter-source","resolved-qualified","qualify"
"MC-0296","01-项目/meta-abilities/自我精神分析.md","93","第一个人——""我爸其实也挺不容易的。他小时候更惨。我能理解他。""他把所有的理解给了父亲——没有留一点给自己。他事业上不断追求更高的成就——每一次成功都是向父亲证明""你看，我不是你嘴里那个废物""。但他的自我价值感永远挂在下一个成就上——这一个完成了，不够，需要下一个。他从来没问过自己——""没有父亲的认可，我能不能认可我自己？""","psychology-behavior","P1","unverified-secondary-note","unknown","blocked-chapter-source","resolved-qualified","qualify"
"MC-0297","01-项目/meta-abilities/自我精神分析.md","110","**情感忽视的常态化。** 中国父母普遍不表达情感——不夸奖、不拥抱、不说""我爱你""。他们表达爱的方式是""给你钱""""给你做饭""""为你攒钱买房""。但人类不是只需要物质生存的生物——人类需要情感连接。一代人没有被教过""怎么表达爱""——他们只会用自己唯一会的方式。他们的父母也没有被教过。向上追溯——每一代都在用物质表达爱，因为没有人教会他们""情感""也是可以被表达的。","psychology-behavior","P1","unverified-secondary-note","unknown","blocked-chapter-source","resolved-qualified","qualify"
"MC-0298","01-项目/meta-abilities/自我精神分析.md","116","拿出一张纸。左边写""我爸妈表达爱的方式是什么""。右边写""我感受到被爱了吗""。如果右边的大部分答案是""没有""——你的父母不是""不爱你""。他们是在用他们唯一会的方式爱你。但那不等于你感受到了。承认这一点不是背叛他们——是开始修复你自己的第一步。","psychology-behavior","P1","unverified-secondary-note","unknown","blocked-chapter-source","resolved-qualified","qualify"
"MC-0299","01-项目/meta-abilities/自我精神分析.md","150","van der Kolk在《身体从未忘记》里用几十年的神经影像学研究证明了一个被传统谈话疗法长期忽略的事实——创伤不只是""脑子里的一段不好的记忆""。创伤被编码在身体里。你的肌肉、你的呼吸模式、你的心率变异性、你的消化系统——都在替你的意识记住那些你意识层面已经""忘了""的创伤。","medical-health","P0","unverified-secondary-note","unknown","blocked-chapter-source","resolved-qualified","qualify"
"MC-0300","01-项目/meta-abilities/自我精神分析.md","182","Lindsay Gibson在《不被父母控制的成人》里提出了一个精准的分类——情感不成熟父母的四种类型。情绪型——情绪波动极大，孩子需要小心翼翼地""管理""父母的情绪，自己反而成了大人的情绪照顾者。驱动型——把孩子的成就当作自己的成就，孩子的人生变成了父母未完成梦想的续集。被动型——在家庭冲突中完全消失，不参与、不保护、不作为——这种""不存在""本身也是一种伤害。拒绝型——冷漠、疏远、不表达情感——孩子在这样的环境里学会了""我不应该有任何需求""。","psychology-behavior","P1","unverified-secondary-note","unknown","blocked-chapter-source","resolved-qualified","qualify"
"MC-0301","01-项目/meta-abilities/自我精神分析.md","194","- 身体扫描5分钟（重建身体连接）","psychology-behavior","P1","unverified-secondary-note","unknown","blocked-chapter-source","resolved-blocked","block"
"MC-0302","01-项目/meta-abilities/自我精神分析.md","255","**晨间3分钟身体扫描**：醒来后、起身前——从头到脚扫描一遍。今天身体哪个部位是紧的。哪个部位是空的。不做改变——只记录。这是van der Kolk的""重新连接身体""的日课版。","psychology-behavior","P1","unverified-secondary-note","unknown","blocked-chapter-source","resolved-qualified","qualify"
"MC-0303","01-项目/meta-abilities/自我精神分析.md","257","**日间情绪标记**：手机上设三个闹钟——上午、中午、下午。每次闹钟响时花30秒问自己——""我现在是什么情绪？""（不要分析""为什么""，只标记""是什么""）。大多数从小被情感忽视的人——他们不知道自己现在是什么情绪。他们只知道""不舒服""""累了""""想刷手机""。标记情绪是重新学会""感受自己""的第一步。","psychology-behavior","P1","unverified-secondary-note","unknown","blocked-chapter-source","resolved-qualified","qualify"
"MC-0304","01-项目/meta-abilities/自我精神分析.md","259","**夜间自由书写5分钟**：睡前。写下今天冒出来的任何跟童年、父母、关系有关的记忆或感受。不编辑、不评判、不分析——只是把脑子里转的东西倒在纸上。这是Jung的""阴影写作""的简化版——你每天给潜意识一个出口，它就不会用你不认识的方式（暴怒、抑郁、成瘾）跑出来。","medical-health","P0","unverified-secondary-note","unknown","blocked-chapter-source","resolved-qualified","qualify"
"MC-0305","01-项目/meta-abilities/自我精神分析.md","263","连续21天——晨间身体扫描+三次情绪标记+夜间自由书写。21天后回看你的笔记——你开始看到你自己的""模式""了。那个模式以前是隐形的——现在被你自己每天的记录照出来了。看到了——你就有选择。看不到——模式自动运行一辈子。","psychology-behavior","P1","unverified-secondary-note","unknown","blocked-chapter-source","resolved-qualified","qualify"
"MC-0306","01-项目/meta-abilities/自我精神分析.md","276","本笔记中的心理学框架均来自公开发表的研究和著作。如果你正在经历严重的抑郁、焦虑、创伤后应激或其他心理健康问题，请寻求持证心理治疗师的专业帮助。本笔记提供的是科学素养框架和自我探索工具——它不能替代专业治疗，但能帮助你在治疗之外更好地理解自己。记住Alice Miller的话——""一个人如果不愿意放弃'父母有一天会变成我需要的那个样子'的幻想，就永远不会真正长大。""你的父母不会变。但你可以。笼子的门从你成年的那一天起就一直开着。你现在可以走出去了。","medical-health","P0","unverified-secondary-note","unknown","blocked-chapter-source","resolved-qualified","qualify"
"MC-0307","01-项目/meta-abilities/统计.md","22","统计不是""计算能力""。统计是""识别数字背后到底在说什么""的能力。AI可以给你数字——但它不会告诉你这个数字有没有意义、这个样本量够不够排除运气因素、这个相关性是不是因果关系、这个概率是客观概率还是某人拍脑袋贴上去的标签。Taleb在《随机漫步的傻瓜》里花了整整一本书论证一件事：人类的大脑在生理层面上不擅长处理概率和不确定性。我们进化出来的认知系统是为草原上的""狮子来了，我该不该跑""设计的——不是为""这个基金过去三年的年化收益比市场平均高4%，能多大程度上归因于基金经理的技能vs随机波动""设计的。系统1在统计面前是盲的——它看到的不是概率，是故事。一个幸存者偏差的故事比一百页统计报告更能说服你的大脑，因为你的大脑本来就是为""听故事""而不是为""算概率""而生的。","statistics","P1","unverified-secondary-note","unknown","blocked-chapter-source","resolved-qualified","qualify"
"MC-0308","01-项目/meta-abilities/统计.md","24","这在AI时代变得更危险而不是更安全。因为AI让制造""看起来像统计的证据""变得前所未有地容易。你问AI""这个创业方向成功率多少""，AI可以在三秒内给你一个带精确小数点的数字——但那个数字可能是基于十年前过时行业报告、不同国家完全不可比的市场数据、再加上AI自己编的""合理的幻觉""。Huff在1954年写的《统计数字会撒谎》在今天比任何时候都更有现实意义——只不过撒谎的不是人类统计学家，是AI生成的""统计幻觉""。Huff列出了统计撒谎的几十种方式——精心挑选的样本、被操纵的平均数、没有披露的置信区间、把相关性包装成因果关系。AI时代的每一项都在被数倍放大，因为AI可以用比你快一万倍的速度制造这些""看起来像统计""的幻觉。","statistics","P1","unverified-secondary-note","unknown","blocked-chapter-source","resolved-qualified","qualify"
"MC-0309","01-项目/meta-abilities/统计.md","26","Silver在《信号与噪声》里打了一个比喻：信息爆炸的时代，噪声的增长速度远超信号的。你在1940年代读到的""统计数据""——可能是政府花了三年做的全国人口普查。你在2025年代读到的""统计数据""——可能是某个AI模型在三秒内生成的幻觉。信息的数量增长了一百万倍，但其中""真正被验证过的信号""的比例降到了一百万分之一。统计作为一种元能力，在AI时代不是从""需要""变成了""不需要""——是从""可有可无""变成了""不用就会死在幻觉里""。你不需要学会跑回归模型，不需要学会写R语言代码，不需要学会推导贝叶斯公式。你需要学会三样东西：看到数字时的第一反应是""这个数字可信吗""，看到相关性时的第一反应是""这可能是因果吗""，看到趋势线时的第一反应是""这个趋势能持续吗""。这三个反应是你和AI幻觉之间唯一的防火墙。Silver说大多数预测失败的原因不是模型不够复杂——是在建模型之前没有先问""我能预测这件事吗""。有些事本身就是不可预测的——地震的精确时刻、股票明天的涨跌、谁会是下一届奥斯卡最佳影片。面对不可预测的事，最好的统计不是""更复杂的模型""——是""承认不可预测，然后不把资源押在预测上""。这就回到了Taleb的核心论点——杠铃策略。","statistics","P1","unverified-secondary-note","unknown","blocked-chapter-source","resolved-qualified","qualify"
"MC-0310","01-项目/meta-abilities/统计.md","28","Rosling在《事实》里用一种被严重低估的方式展示了统计思维的威力。他用几十年的全球公共卫生数据证明，大多数人对世界的认知是系统性错误的——不是因为缺乏数据，是因为大脑被过时的""世界观""锁死了。你的大脑还在用1960年代的数据理解世界——""发展中国家""""东西方对立""""贫富两极分化""——而实际上这些概念大多已经过时了几十年。Rosling的做法不是给你更复杂的统计模型——是给你更准确的""基线数据""，让你对世界的默认假设从""过时的刻板印象""校准到""当前的真实数据""。这种""基线校准""就是统计作为一种元能力最基础的操作——在你做任何判断之前，先把你的默认假设拉回到真实数据的引力场内。Tetlock在《超级预测》里的核心发现和Rosling完全一致——超级预测者不是更聪明，不是模型更复杂，是他们在做任何具体预测之前，先花时间搞清楚""这类事件的基准概率是多少""。不先问基准概率就直接开始""分析具体情况""——就像不先查地图就开始""推测自己在哪""。你的推测可能逻辑自洽——但从第一步就错了。","statistics","P1","unverified-secondary-note","unknown","blocked-chapter-source","resolved-qualified","qualify"
"MC-0311","01-项目/meta-abilities/统计.md","33","Taleb在《随机漫步的傻瓜》里反复轰炸一个概念——幸存者偏差。你走进一家书店，畅销书架上摆满了成功创业者的自传。你读了十本，总结出了一个规律——""要敢于冒险、要坚持不懈、要相信自己""。这个规律看起来是被十个成功案例验证过的——但你没有看到的是另外一千个也""敢于冒险、坚持不懈、相信自己""的人，他们现在在破产法庭上或者在送外卖。他们没能写自传——不是因为他们没有同样的品质，是因为他们运气不好。而你看不到他们。你的""规律""是基于一个被筛选过的样本——筛选标准不是""成功者的品质""，是""没死""。Huff在1954年就把这个诡计讲透了——""精心挑选的样本可以证明任何你想证明的结论""。你只需要在收集数据之前，把""不符合你结论的样本""排除在外，然后用幸存者的数据写出一个""规律""。AI时代这个诡计更难被识破，因为AI可以在一秒内找到一百个""符合你结论的案例""，给你编出一个完美的""规律""。AI不会告诉你它排除了多少反例——因为它收到的prompt是""找案例支持X""，不是""全面评估X的真实性""。","statistics","P1","unverified-secondary-note","unknown","blocked-chapter-source","resolved-qualified","qualify"
"MC-0312","01-项目/meta-abilities/统计.md","44","回归均值是人类大脑最难接受的统计概念之一，因为它的核心机制是""结果不完全由你控制""。你更愿意相信""我做得好是因为我有能力，我做得差是因为运气不好""——而在统计上，两者的贡献都不可忽略。Taleb的说法更狠——在任何结果中，运气和技能的贡献比例取决于这个领域的""技能vs运气""特性。在象棋中，技能贡献接近100%——你输了就是你不如对方。在投资中，运气贡献可能在短期内高达90%——你赚了不代表你的投资策略对，你亏了不代表你的策略错。Mauboussin的《The Success Equation》把这件事讲得很透——""把运气当技能是决策者最致命的认知错误""。你因为某次成功而改变策略——你可能是在""优化已经最优的策略""，结果反而恶化了长期表现。你因为某次失败而放弃策略——你可能是在""丢弃一个长期统计上最优的策略""，只因为它那次运气不好。回归均值的教训不是""努力没用""——是""不要在单次结果的基础上做系统性决策""。单次结果=技能+运气+随机噪声。从单次结果推导技能的变化——你的样本量是1，置信区间是无穷大。Smith在《标准偏差》里做了一个简单的模拟：假设一个基金经理的真实能力是""跑赢大盘1%""，运气的标准差是5%。在任何一年里，他有40%的概率跑输大盘，只是因为运气差。如果你在他跑输的那一年解雇他——你解雇的很可能是一个真实能力强但运气差的经理。而你新雇的经理——可能只是去年的运气好。","statistics","P1","unverified-secondary-note","unknown","blocked-chapter-source","resolved-qualified","qualify"
"MC-0313","01-项目/meta-abilities/统计.md","51","最经典的例子：冰淇淋销量和溺水死亡人数呈正相关——夏天热，吃冰淇淋的人多，游泳溺亡的人也多。把""冰淇淋销量""和""溺亡人数""做回归会发现高度统计显著——但没有人会说""吃冰淇淋导致溺亡""或者""禁止吃冰淇淋会减少溺亡""。两个变量都由第三个变量驱动——气温。Pearl管这种结构叫""混淆变量""——一个同时影响X和Y的隐藏因素。在社会科学、经济学、流行病学的研究中，混淆变量无处不在。一篇报告说""每天喝两杯咖啡的人心血管疾病风险降低20%""——你不知道的是，喝咖啡的人可能同时更富裕、更有健康意识、运动更多、吸烟更少。咖啡可能根本没用——是""富裕+健康意识+运动+不吸烟""这个混淆变量组合在同时驱动""喝咖啡""和""心血管健康""。AI时代的幻觉让这个问题更严重。你问AI""喝咖啡对心血管有益吗""，AI可以给你列出二十篇""支持""的研究——但它不会告诉你这二十篇的样本量、是否控制了混淆变量、是否有发表偏差（不显著的研究根本没被发表出来）。你得到的不是""科学证据""——是""被筛选过的支持你预设结论的证据""。","statistics","P1","unverified-secondary-note","unknown","blocked-chapter-source","resolved-qualified","qualify"
"MC-0314","01-项目/meta-abilities/统计.md","58","Tetlock在《超级预测》里发现超级预测者最核心的思维习惯之一就是""贝叶斯更新""。他们不说""这件事会发生""或""不会发生""——他们给一个概率，""我觉得概率大概是65%""。然后当新证据出现时，他们不推翻自己的判断，他们微调——从65%调到55%或者75%。这看起来像是""没有立场""——实际上是""用数学严格地更新信念""。贝叶斯定理在统计上的公式可以很复杂——但你不需要公式来使用贝叶斯思维。你只需要三个步骤：先有一个初始概率估计（这是你的""先验""——基于你已经知道的信息）；遇到新证据时，问自己""如果我的假设是对的，看到这个证据的概率有多大""和""如果我的假设是错的，看到这个证据的概率有多大""；比较这两个概率，向上或向下调整你的初始估计。关键在于第三步——不是""新证据推翻了我的判断""（那是二元思维），也不是""新证据不影响我的判断""（那是顽固），是""新证据让我的概率从65%变成了55%——还在我的判断范围内，但方向调整了""。这种微调能力在AI时代极其稀缺，因为AI给你的答案往往极其自信。AI不说""创业成功率大概是12-18%""，AI说""创业成功率为15.3%""——精确到了小数点。那个精确度是假的——但你的大脑会信，因为精确看起来像可靠。白银在《信号与噪声》里追踪了几百个""专家预测""的准确度——发现专家的预测准确率和随机猜测差不了太多，但专家的""自信度""远高于其准确度。专家最大的问题不是预测不准——是他们对自己的预测过度自信。Tetlock的超级预测者恰好相反——他们对自己预测的信心和他们的实际预测准确度高度吻合。这是通过""概率校准""反复训练出来的：每次预测后记录""我认为概率是X%""，然后事后看""实际发生了几次中的几次""。如果我说""概率60%""的事在10件中只发生了3件——我在系统性地高估。如果发生了8件——我在系统性地低估。校准就是把我的""主观概率""往""客观频率""拉。这个能力不是天赋——是反复打决策日志练出来的。Silver指出，大多数人不做校准的原因是""被校准""的感觉极其不舒服——它告诉你""你以为自己很准？其实你跟瞎猜差不多""。但如果你愿意接受这个不舒服——你的判断力会在几年内发生质变。因为你的大脑开始从""故事驱动""切换到""数据驱动""——这在AI时代不是你比别人聪明，是你比别人更难被AI生成的统计幻觉骗到。","statistics","P1","unverified-secondary-note","unknown","blocked-chapter-source","resolved-qualified","qualify"
"MC-0315","01-项目/meta-abilities/统计.md","63","日课：每天找一个你看到的""统计数据""——新闻标题里的百分比、某文章的引用数据、社交媒体上的""研究表明""——问三个问题：这个数字的来源是什么，样本量多大，有没有可能被幸存者偏差或混淆变量扭曲。不需要跑模型，只需要养成""看到数字先怀疑""的默认反应。周课：选本周你做的五个预测或判断，写下你当时给的概率估计（哪怕只是""我觉得大概70%""）。周末回看——实际发生了几个。你是在高估还是低估？月课：找一篇引用""统计数据""来""证明""某个观点的热门文章，用Huff的框架反推——它的样本被筛选过吗，它的平均数掩盖了什么分布差异，它把相关性包装成因果了吗。季课：用Silver的框架做一次""信号vs噪声""审计——回顾你过去三个月做的最重要决策，你的决策依据中有多少是""被验证过的信号""，多少是""未经检验的噪声""。","statistics","P1","unverified-secondary-note","unknown","blocked-chapter-source","resolved-blocked","block"
"MC-0316","01-项目/meta-abilities/统计.md","66","**幸存者偏差检测**：看到成功案例时，第一反应是否问""失败的人在哪""——如果连续一周每次都自动想到这个问题，幸存者偏差的免疫系统已建立。**相关性vs因果性检测**：看到""X导致Y""的标题时，第一反应是否问""有没有第三个变量Z同时驱动X和Y""——连续一周自动想到这层，因果推断的基础防御已建立。**贝叶斯校准**：每季度测一次——说""概率60%""的事实际发生了百分之几十——如果偏差在10个百分点以内，校准合格。","statistics","P1","unverified-secondary-note","unknown","blocked-chapter-source","resolved-qualified","qualify"
"MC-0317","01-项目/meta-abilities/统计.md","70","Taleb的幸存者偏差和随机性是你的防火墙。Kahneman的回归均值让你不再把运气当因果。Pearl的因果推断让你在被相关性轰炸的世界里保持清醒。Tetlock的贝叶斯更新和概率校准让你的判断力可以迭代。Silver的信号噪声比让你知道""能预测什么，不能预测什么""。Rosling的基线校准让你不再用过时的世界观做决策。Huff的统计诡计百科让你能识别AI生成的统计幻觉。统计不是一门学科——是你和这个充满数字、百分比、""研究表明""的世界之间唯一的过滤系统。在AI时代，统计不是从""可选""变成了""不需要""——是从""学术技能""变成了""生存技能""。","statistics","P1","unverified-secondary-note","unknown","blocked-chapter-source","resolved-qualified","qualify"
"MC-0318","01-项目/meta-abilities/统计.md","75","Silver在《信号与噪声》里不仅讲了""为什么大多数预测是错的""——他给了一套可以实际操作的工具来判断""一个预测有没有可能对""。核心三问：第一问——这个领域本身的""可预测性""有多高？有些事从结构上就是不可预测的，比如地震的精确时刻、股票明天的涨跌。不是因为数据不够——是因为这些系统的底层动力学太复杂、对初始条件太敏感、反馈环路太多。Silver管这叫""系统噪声""——不是""信号太弱""，是""噪声永远比信号大""。第二问——预测者有没有区分""近期的可预测性""和""远期的不可预测性""？天气预测——未来24小时的准确率接近95%，未来10天的准确率降到50%以下。不是气象学家无能——是大气系统对初始条件的敏感度太高。一个好的预测会附带一个""时间衰减曲线""——""我预测X在接下来一个月内发生的概率是70%，三个月内概率降到40%，一年内降到20%""。AI给你的预测通常没有这条曲线——它给你一个精确数字但不说""这个数字的有效期是多长""。第三问——预测者有没有持续校准自己的预测？Silver研究了数百个公共预测者——发现大多数人在""被证明错了""之后不会调整自己的预测框架。他们用""这个结果是个例外""来解释自己的错误——然后继续用同样的框架做下一次预测。Tetlock的超级预测者恰好相反——他们把每次预测错误当作""框架校准""的数据。""我上次预计概率是65%，实际发生概率只有40%——我的框架高估了什么变量？""这种校准能力不是Silver说的""更聪明""——是""更愿意被数据打脸""。Taleb在《黑天鹅》里把这个推到了极端——有些""预测框架""的根本假设是错的，不是需要校准，是需要整个推翻。你的框架假设""波动服从正态分布""——但真实的金融数据有""肥尾""（极端事件发生的概率远高于正态分布预测）。你用正态分布框架做出的所有风险评估——全部被严重低估——不是因为你在""校准""上做得不够细致，是因为你的框架在底层假设上就错了。AI给你的预测通常不会告诉你""它用的是什么底层框架""——你看到的只是一个精确的数字，你不知道这个数字是在""正态分布""的假设下算出来的还是在考虑了肥尾分布的假设下算出来的。这个信息差距——就是你用AI做决策时最大的风险敞口。","statistics","P1","unverified-secondary-note","unknown","blocked-chapter-source","resolved-qualified","qualify"
"MC-0319","01-项目/meta-abilities/统计.md","80","Huff在1954年写的《统计数字会撒谎》是一本不到一百五十页的小册子，但它比任何统计教科书都更直接地教你""怎么不被数字骗""。Huff不是教你""怎么算标准差""——是教你""怎么在别人算的标准差里找到猫腻""。他甚至给每种诡计起了个讽刺性的名字。","statistics","P1","unverified-secondary-note","unknown","blocked-chapter-source","resolved-qualified","qualify"
"MC-0320","01-项目/meta-abilities/统计.md","84","""没有披露的置信区间""——Huff说""这个药的有效率是80%""，听起来很有说服力。但如果置信区间是""45%到98%""，那个80%的点估计就没多大意义了——因为置信区间太宽。宽置信区间意味着样本量太小或者效果太不稳定。AI给你的数字通常不带置信区间——你看到的只是一个精确的点估计。""没有置信区间的统计数字不可信""——Huff的防骗第一法则。","statistics","P1","unverified-secondary-note","unknown","blocked-chapter-source","resolved-qualified","qualify"
"MC-0321","01-项目/meta-abilities/统计.md","86","""把相关性包装成因果关系""——Huff在1954年就讲透了这个诡计。他的原话：""如果你在同一个时间段里观察两个变量的变化，它们可能同时上升、同时下降、或者一升一降——但这三种情况中任何一种都不能直接推出因果关系。你需要一个控制实验。""七十年前写的这句话在今天比任何时候都适用——因为AI可以在一秒内找到几百个""相关""的变量组合，把它们包装成""因果链""呈现给你。","statistics","P1","unverified-secondary-note","unknown","blocked-chapter-source","resolved-qualified","qualify"
"MC-0322","01-项目/meta-abilities/统计.md","88","""视觉欺骗""——Huff专辟一章讲统计图表怎么骗人。横轴被截断——把""从90到100""的区间放大到整个图表，让一个10%的变化看起来像""爆炸性增长""。纵轴被篡改——从零开始和在某个值开始截断，同一个数据能给你完全不同的视觉印象。AI生成的图表可能没有——但AI描述数据时可以用""暴涨""""暴跌""""飙升""这类词制造同样的视觉效果。","statistics","P1","unverified-secondary-note","unknown","blocked-chapter-source","resolved-blocked","block"
"MC-0323","01-项目/meta-abilities/统计.md","90","""post-hoc谬误""——""因为这个发生在那个之后，所以这个导致了那个。""Huff说这是统计推理中最根深蒂固的错误之一。你吃了一颗感冒药，三天后感冒好了——你说""这药真有效""。但感冒通常在五到七天内自愈——你吃的药可能和你感冒好了之间没有任何因果关系。只是时间顺序上的先后——不是逻辑上的因果。AI不会告诉你""这个相关性可能是因为第三变量""——它给你的是""研究发现X和Y显著相关""——那个""显著""是统计显著，不是因果显著。Huff在七十年前就区分了这两个东西，但到今天大多数人仍然分不清。","statistics","P1","unverified-secondary-note","unknown","blocked-chapter-source","resolved-qualified","qualify"
"MC-0324","01-项目/meta-abilities/统计.md","95","Rosling在《事实》里做了一件极其简单但极其强大的事——他出了一套关于世界基本事实的测试题，给各国精英、学者、政客做。结果——大多数人的得分比随机瞎猜还低。不是因为""他们不够聪明""——是因为""他们对世界的默认假设基于过时的数据""。Rosling测试里最经典的题目：""在过去二十年里，全球极端贫困人口的比例发生了什么变化？A.几乎翻倍 B.基本不变 C.几乎减半。""正确答案是C——从34%降到9%。但大多数人选A或B。你的大脑还在用1980年代的世界观理解2025年的世界——不是因为缺乏数据，是因为""世界观""的更新速度跟不上""世界变化""的速度。AI时代的危险在于——AI给你的数据可能是""最新""的，但你对数据的""解读框架""可能是""过时""的。Rosling的基线校准就是——在做任何判断之前，先问自己""我对这件事的默认假设是基于哪个年代的数据""。如果你的假设来自十年前、甚至你小时候在课本上读到的东西——你的基线需要被重新校准。不是""你错了""——是""你的数据过期了""。在AI可以给你最新数据的时代，你最需要的不是""更多数据""——是""定期校准你对世界的基本假设""。Rosling给了十个需要被校准的""过时世界观""——其中最核心的四个：贫富二分（世界不是分为""发达国家""和""发展中国家""，是四个收入水平的连续谱系），人口爆炸恐慌（全球生育率已从1960年代的5.0降到2.5，接近更替水平），东西对立（冷战框架已经过时，全球化不是""西方vs东方""），单一原因解释（""问题X的原因就是Y""——现实永远是多变量交织）。每当你听到一个""解释世界""的简单框架——Rosling的建议是先校准基线数据。那个框架在真实数据上站得住吗？还是它在二十年前站得住——但世界已经变了。","statistics","P1","unverified-secondary-note","unknown","blocked-chapter-source","resolved-qualified","qualify"
"MC-0325","01-项目/meta-abilities/统计.md","104","Silver在《信号与噪声》里讲了一个相关的陷阱：你越了解一个事物的细节，你越倾向于高估它的特殊性。你的大脑把""细节丰富""等同于""概率独特""——但统计上没有这个逻辑。你知道了一个人爱吃寿司、喜欢雨天、养了一只猫——你对他的描述越来越""丰富""——你反而越来越不可能准确猜出他是图书管理员还是农民。因为每一个细节在同时降低""他符合任何一个职业的概率""。Kahneman管这叫""合取谬误""——""多个细节的组合""在直觉上比""单个细节""更有说服力，但在统计上，多个条件的合取概率永远低于单个条件的概率。AI给你的分析通常充满了""多维度匹配""——它在给你""合取概率""，但你把它当成了""独立确证""。你在选择一个方向时看到了十个""匹配的信号""——你觉得这个方向""太对了""。但十个信号中每一个的独立准确率可能是70%——十个信号同时准确的概率是0.7的十次方，不到3%。你不是""证据充分""——是""合取谬误让你觉得自己证据充分""。","statistics","P1","unverified-secondary-note","unknown","blocked-chapter-source","resolved-qualified","qualify"
"MC-0326","01-项目/meta-abilities/统计.md","117","Silver在《信号与噪声》里分析了数百个公开预测者的长期记录，发现了预测质量最可靠的单一指标——校准曲线。校准曲线不是说""你预测对了几个""——是""你说概率60%的事，实际发生了百分之几十""。如果你的校准曲线是完美的，你说60%的事恰好有60%发生了，你说80%的事恰好有80%发生了。Silver的数据显示：大多数""专家""的校准曲线是严重偏离的——他们说""几乎确定""的事实际发生概率不到70%，他们说""几乎不可能""的事实际发生概率远高于他们的估计。他们的主观信心和客观频率之间存在系统性偏差——而且这个偏差的方向永远是""过度自信""。","statistics","P1","unverified-secondary-note","unknown","blocked-chapter-source","resolved-qualified","qualify"
"MC-0327","01-项目/meta-abilities/统计.md","119","Tetlock的超级预测者之所以""超级""，就是因为他们的校准曲线经过多年训练后，无限逼近完美校准。他们不是说""更准""——他们是说""更诚实""地标注了自己对""不确定""的程度。Silver的建议是——任何做过五次以上预测的人，都应该画一条自己的校准曲线。把你过去的所有预测列出：每次预测时你给的概率是多少，后来实际发生了没有。把预测按""概率段""分组（50%-60%一组，60%-70%一组，以此类推），计算每组实际发生的频率。如果一组偏离超过10个百分点——你在那个概率段上有系统性的校准偏差。大多数人会发现自己在高概率段（80%以上）上""过度自信""——他们认为""几乎确定""的事实际只有六成把握。这种偏差不是""心态问题""——是大脑在生理上倾向于""确定性幻觉""。做出一个""确定""的判断让你舒服——尽管那个""确定""在统计上是假的。","statistics","P1","unverified-secondary-note","unknown","blocked-chapter-source","resolved-qualified","qualify"
"MC-0328","01-项目/meta-abilities/逻辑.md","22","但这并不意味着逻辑""被AI替代了""。恰恰相反——逻辑从""生产工具""变成了""检测工具""。你不需要用逻辑来""构建完美的论证""——AI已经够完美了。你需要用逻辑来""在AI构建的完美论证中找到那个被巧妙隐藏的漏洞""。Dobelli在《清醒思考的艺术》里列了几十种认知偏误——确认偏误、可得性偏误、锚定偏误、从众偏误——每一种都是一个""论证漏洞""。你的大脑不是""偶尔""犯这些错——它是""系统性地""在这些地方被欺骗。AI没有解决这个问题——AI让这个问题更隐蔽了。因为AI生成的论证比人类写的""更完美""——更工整、更全面、更少明显的逻辑跳跃。你阅读AI生成的论证时，大脑进入了一种""流畅性启发""——""读起来很顺畅""被大脑误认为""论证是正确的""。实际上，流畅和正确之间没有任何必然联系——但你的系统1不区分这两者。Sagan在《魔鬼出没的世界》里提出了他著名的""Baloney Detection Kit""——一套检测伪科学和伪论证的工具箱。他的核心观点是：科学思维和日常思维之间的区别不在""更聪明""——在""有一套系统性的检测工具""。你不带工具箱走进信息的丛林——你一定会被吃掉。你带上Sagan的工具箱，工具箱里有独立验证、奥卡姆剃刀、可证伪性、控制实验——你至少有个武器。","general-methodology","P1","unverified-secondary-note","unknown","blocked-chapter-source","resolved-qualified","qualify"
"MC-0329","01-项目/meta-abilities/逻辑.md","33","滑坡谬误——""如果允许X发生，那么Y就会发生，然后Z就会发生，最后整个社会都会崩溃。""滑坡谬误的漏洞在于它的每一步推演都缺少""这一步一定会导致下一步""的证据。""如果允许人们自由选择是否接种疫苗——接种率就会下降——传染病就会爆发——医疗系统就会崩溃——整个社会就会陷入混乱。""这个链条上的每一步都需要独立的证据，但在滑坡论证里，每一步都被包装成了""显然的必然""。","general-methodology","P1","unverified-secondary-note","unknown","blocked-chapter-source","resolved-qualified","qualify"
"MC-0330","01-项目/meta-abilities/逻辑.md","37","循环论证——""X是对的，因为Y说X是对的，而Y之所以可信是因为X是对的。""结论被用来作为支持前提的证据，前提又被结论证明。Copi说循环论证最隐蔽的地方在于它可能""分散""在论证的不同段落里——前提在第三段，结论在第七段——中间隔了几百字，你的大脑不会注意到这个循环。Weston在《论证规则手册》里把逻辑谬误的检测简化为几条操作规则：先找结论——这个人在论证什么；再找前提——这个人的论证建立在哪些""假设""之上；然后查推理——这些前提是否能逻辑必然地推出这个结论，还是中间有跳跃。最后——也是最关键的一步——查反例：有没有一个情境，在这个情境里所有前提都成立但结论不成立？如果有——这个论证不成立。","general-methodology","P1","unverified-secondary-note","unknown","blocked-chapter-source","resolved-blocked","block"
"MC-0331","01-项目/meta-abilities/逻辑.md","44","Aristotle在《工具论》里把人类推理分成两种最基本的模式：演绎和归纳。这两种模式的可靠性完全不同，但你的大脑经常把归纳当成演绎来用——然后被结果打脸。演绎推理——如果你接受前提，那么结论必然为真。""所有人都会死，苏格拉底是人，所以苏格拉底会死。""前提为真，推理有效，结论必然为真。演绎的问题不在推理过程——在前提。""所有人都会死""这个前提是真的吗？在可观测范围内——目前所有被观测过的人类都死了。但明天可能出现一个反例吗？演绎推理本身不验证前提——它只负责""如果前提是真的，结论必须是真的""。","general-methodology","P1","unverified-secondary-note","unknown","blocked-chapter-source","resolved-qualified","qualify"
"MC-0332","01-项目/meta-abilities/逻辑.md","46","归纳推理——你从有限数量的具体观察中推导出一个普遍规律。""我见过的每一只天鹅都是白色的，所以所有天鹅都是白色的。""归纳推理帮助你从经验中学习，但它永远不能""证明""一个规律——下一个观察可能推翻它。Russell在《哲学问题》里把归纳问题讲得很清楚：你每天早上看到太阳升起——你归纳出""太阳每天都会升起""。但归纳只能给你一个概率——太阳明天升起的概率极高，但你不能""证明""它一定会升起。这听起来像哲学上的吹毛求疵——但在AI时代，归纳推理的局限性需要被严肃对待。因为AI本身就是一台""归纳机器""——它在海量数据中找到""统计上最常出现的模式""，然后把这个模式当作""答案""呈现给你。你问AI""这个创业方向成功率多少""——AI给你一个数字。那个数字就是归纳——它基于""过去类似方向的统计结果""。但归纳不保证未来的结果——市场可能变了、技术可能变了、消费者的偏好可能完全翻过来了。AI给你的归纳结果看起来精确、可靠、被数据""验证""——但它和""我见过的天鹅都是白色的""有同样的逻辑脆弱性。","general-methodology","P1","unverified-secondary-note","unknown","blocked-chapter-source","resolved-qualified","qualify"
"MC-0333","01-项目/meta-abilities/逻辑.md","48","Copi在《逻辑学导论》里给了判断归纳可靠性的三个标准：样本量够不够大、样本有没有被有偏地选取、结论的适用范围是否超出了样本的覆盖范围。AI帮你做了""从数据到结论""的归纳工作——但它通常不告诉你这三个标准的数据。你不知道它的样本量是多少（可能是几百，可能是在几亿条数据中""筛选""出来的几百），你不知道它的样本有没有被有偏地选取（算法推荐本身就是有偏的——点击率高不代表内容好），你不知道它的结论适用范围（基于美国市场数据的""创业成功率""可能和你的市场完全无关）。你不检查这三个标准就接受AI的归纳结论——相当于把""这只天鹅是白色的""当成""所有天鹅都是白色的""。Taleb管这种把归纳过度泛化的行为叫""经验主义的盲区""——你在有限的、被你已有的经验筛选过的样本上建立了对世界的认知，然后以为这个认知覆盖了整个世界。","general-methodology","P1","unverified-secondary-note","unknown","blocked-chapter-source","resolved-qualified","qualify"
"MC-0334","01-项目/meta-abilities/逻辑.md","55","第一个信号：AI用""许多研究表明""""大量数据证明""这类模糊归属来代替具体的来源。Copi管这叫""诉诸匿名权威""。人类写作时如果用""许多研究表明""——你可以追问""哪篇研究""。AI给你这句话时——它可能没有引用任何具体研究。它在训练数据里看到""许多研究表明""后面通常会跟着一个结论，于是它模仿了这个模式。但""模仿模式""不等于""真的有研究支持这个结论""。","general-methodology","P1","unverified-secondary-note","unknown","blocked-chapter-source","resolved-blocked","block"
"MC-0335","01-项目/meta-abilities/逻辑.md","57","第二个信号：AI用精确数字来制造可信度幻觉。""该策略的成功率是73.4%""——精确到小数点后一位。Silver在《信号与噪声》里反复强调——在复杂系统里，任何精确到小数点后的预测都不可信。不是因为预测者无能——是系统的噪声水平本身就远超任何模型的精确度。AI给你73.4%——不是因为AI""计算出来了""，是AI在训练数据里看到过类似的表述结构。那个数字本身没有统计意义——但它""看起来""有，因为你的大脑把""精确""等同于""可信""。","general-methodology","P1","unverified-secondary-note","unknown","blocked-chapter-source","resolved-qualified","qualify"
"MC-0336","01-项目/meta-abilities/逻辑.md","72","奥卡姆剃刀被大众误解成了""最简单的就是对的""——这是对William of Ockham的严重曲解。Ockham的原话是""实体不应被不必要地增加""——翻译成人话：如果两个理论都能解释同一个现象，选择需要更少假设的那个。不是因为""更少的假设=更正确""——是因为""更多的假设=更多可能出错的环节""。每一个额外的假设都是一个额外的风险敞口——它可能对，也可能错，你不知道。当你说""我每天早上醒来是因为上帝让我醒来""——这个理论只需要一个假设（上帝存在并且愿意让我醒来）。当你说""我每天早上醒来是因为我的SCN在检测到晨光后停止了褪黑素的分泌""——这个理论需要几十个关于神经科学、光感受器、激素级联的假设。用Ockham剃刀来比较这两个解释——你选的不是""更简单""的那个，是""假设更少""的那个。在统计模型的选取中，Ockham剃刀变成了""不要过度拟合""——你加的变量越多，模型对已有数据的拟合越好，但对新数据的预测越差。因为你把""噪声""也当成了""信号""在拟合。AI生成的""完美论证""经常违反Ockham剃刀——它在论证中塞进了大量看似相关但实际上不必要的""支持证据""。你读完之后觉得""好多证据，太有说服力了""——但那些""证据""中有多少是""必要的假设""，有多少是""被塞进来增加说服力的冗余信息""。Ockham剃刀是你修剪论证冗余的工具——不是""越简单越好""，是""删掉那些删掉后结论不会变的假设""。Russell在《哲学问题》里用了一整章讲""我们为什么需要Ockham剃刀""——他的结论是，因为每一个被引入论证的额外假设都在增加""论证整体的不确定性""。假设A成立的独立概率是70%，假设B是60%，假设C是50%——整个论证同时依赖A、B、C三个假设都成立的概率是0.7×0.6×0.5=21%。你每加一个假设，论证的整体可信度被乘法削弱。但你的大脑不这么算——你的大脑把""假设越多""当成""论证越充分""。Ockham剃刀就是用来修正你在评估论证时这个系统性偏误的工具。","medical-health","P0","unverified-secondary-note","unknown","blocked-chapter-source","resolved-qualified","qualify"
"MC-0337","01-项目/meta-abilities/逻辑.md","88","从众偏误——你看到周围很多人相信某件事，你就倾向于也相信。这是草原上最有效的生存策略——""大家都往这边跑，可能确实有狮子""。在AI时代，从众偏误被""虚假共识""放大了——你看到一篇AI生成的文章下面有几百条""AI生成的评论""都说""太对了""，你的大脑会默认""这可能真的是对的""。","general-methodology","P1","unverified-secondary-note","unknown","blocked-chapter-source","resolved-qualified","qualify"
"MC-0338","01-项目/meta-abilities/逻辑.md","95","Weston在《论证规则手册》里给了论证的""强度分级""——不是""这个论证对还是错""，是""这个论证有多强""。大多数人不做这个区分——他们看到一个论证要么""接受""要么""反驳""，不评估""这个论证本身的强度""。Weston的强度分级从最弱到最强：类比论证（""X和Y相似，所以X的解决方案可以应用到Y""——弱论证，因为类比永远不是严格的逻辑推理，只能提供灵感）；单一案例论证（""有一个人做了X成功了，所以你也应该做X""——极弱论证，因为样本量是1，幸存者偏差没有排除）；权威论证（""专家说X是对的，所以X是对的""——强度取决于专家的可信度和可验证性，在专家领域外和普通人没区别）；统计论证（""在样本量为N的研究中，X和Y的相关性达到p值显著""——强度取决于样本量、方法论、是否控制混淆变量）；因果论证（""随机对照试验显示X导致Y""——最强的经验论证，但前提是RCT的方法论无懈可击）。","general-methodology","P1","unverified-secondary-note","unknown","blocked-chapter-source","resolved-qualified","qualify"
"MC-0339","01-项目/meta-abilities/逻辑.md","102","Russell在《哲学问题》里提出了一个影响深远的区分——""亲知知识""和""描述知识""。亲知知识是你自己直接体验过、验证过的东西——你被火烧过，你知道火是烫的。描述知识是你从别人那里听来、从书上读来、从AI那里获取的东西——""法国大革命发生在1789年""。你从来没有""亲知""过法国大革命——你只是""被告知""了它发生在1789年。这个区分听起来像哲学课的吹毛求疵，但在AI时代，它可能是你最重要的认知防火墙。因为你每天接收的""知识""中有90%以上是""描述知识""——你相信它们，不是因为你自己验证过，是因为""告诉你的人看起来可信""。在AI出现之前，""看起来可信""至少部分地反映了信息来源的质量——一篇《自然》杂志的论文比一篇匿名博客更可信，因为论文经过了同行评议。在AI出现之后，AI可以模仿《自然》杂志论文的""语言风格""来写一篇完全虚构的""研究""。你无法通过""读起来是否可信""来判断它的真伪——因为AI已经被训练成""读起来永远可信""。Russell的防火墙很简单——把你所有""确信""的事分成两栏：""我自己验证过的""和""别人告诉我的""。第二栏里的每一条——在你有机会亲知它之前——都只能被标记为""暂时接受，等待验证""。AI时代你回到Russell的分栏策略——不是因为你""不信任AI""，是因为AI没有""亲知""能力。它所有的""知识""都是描述知识——从训练数据里提取的统计模式。它在以""描述知识""的身份给你""描述知识""——中间没有任何一个环节有过""亲知""。你的防御机制就是把AI给你的一切放进""描述知识""栏里——然后从中挑出那些""你可以自己去亲知""的，去亲知它。","general-methodology","P1","unverified-secondary-note","unknown","blocked-chapter-source","resolved-qualified","qualify"
"MC-0340","01-项目/meta-abilities/逻辑.md","113","Copi的经典三段论——""所有人都会死，苏格拉底是人，所以苏格拉底会死。""前提为真，推理有效，结论必然为真。这是有效且真的论证。再看——""所有猫都会飞，Fluffy是猫，所以Fluffy会飞。""推理有效——如果前提为真，结论必须为真。但前提为假。结论也为假。这是一个""有效但不真""的论证。在AI生成的论证中，大量内容是""有效但不真""——AI的推理过程看起来逻辑自洽，但它的某个前提可能是它从训练数据里""归纳""出来的统计模式，而不是被验证过的事实。你的大脑很难区分这两者——因为在日常语言中，""听起来有道理""同时满足""推理有效""和""熟悉感""（让我想起类似的东西）。Copi的训练就是让你把""推理是否有效""和""前提是否为真""分开检查——两个独立的判断，不要用一个替代另一个。AI时代你比Copi时代更需要这个训练——因为AI生成的论证在所有人类写作中""有效性和真的混淆""最严重。AI被训练成""推理永远看起来有效""，但它的""前提""来自训练数据里的统计模式——那些统计模式中有多少是""真""的，没人知道。","general-methodology","P1","unverified-secondary-note","unknown","blocked-chapter-source","resolved-blocked","block"
"MC-0341","01-项目/meta-abilities/逻辑.md","117","Aristotle的演绎归纳二分是你理解推理的出发点。Russell的""思维物理定律""让你明白前提自洽不等于结论真，他的""亲知vs描述""分栏是你和AI生成知识之间最古老的防火墙。Copi的逻辑谬误分类——诉诸权威、滑坡、假两难、循环论证——是你日常阅读的病毒扫描器。Weston的三步拆解法是你随身携带的逻辑显微镜，他的论证强度分级让你不再为""单一案例""付""因果论证""的信念权重。Sagan的九道防火墙和Popper的可证伪性给了你区分科学和伪科学的唯一标准。Ockham剃刀让你修剪掉论证中不必要的假设——每个额外假设都在乘法削弱论证的可信度。Socrates的追问法——不是""你说错了""，是""你自己说的在什么条件下自相矛盾""。Dobelli的认知偏误是你大脑里""逻辑漏洞""的产地地图。在AI时代，逻辑不是让你更聪明——是让你不被表面自洽的论证骗到。自洽不再等于真。","general-methodology","P1","unverified-secondary-note","unknown","blocked-chapter-source","resolved-qualified","qualify"
"MC-0342","01-项目/meta-abilities/逻辑.md","132","Sagan在《魔鬼出没的世界》里给了九道检测谬误的工具。你不需每次全用——在你每天被AI生成的论证轰炸时，能用上三道就足以过滤掉90%的伪论证。","general-methodology","P1","unverified-secondary-note","unknown","blocked-chapter-source","resolved-qualified","qualify"
"MC-0343","01-项目/meta-abilities/逻辑.md","134","独立验证——""这个论证所依据的事实，有没有被至少一个独立来源验证过。""不要相信任何只有一个来源的""事实""，即使那个来源看起来极其权威。来源自身的""可信度""不等于""事实的准确性""——最权威的来源也会出错。奥卡姆剃刀——""如果两个理论都能解释同一个现象，选假设更少的那个。""不是""更简单的理论更可能对""——是""假设越多的理论，出错的环节越多""。可证伪性——""这个论证有没有明确说出'在什么情况下这个结论是错的'""。如果一个论证""在任何情况下都不可能是错的""——那它不是""绝对真理""，是伪论证。真理可以被检验，伪论证被设计成不可证伪。控制实验——""这个结论有没有经过控制实验的验证，还是只来自观察数据。""观察数据给你相关性——控制实验给你因果性。没有控制实验的""结论""只是""假设""。量化——""这个论证里有没有可以量化的指标，还是全部在用模糊的形容词。""模糊=不可验证=伪论证。从模糊到具体的转换——""这个产品很棒""→""这个产品在100人中的满意度评分是7.3/10""——后者可以被验证，前者不能。反证——""这个论证者有没有主动去寻找反对自己结论的证据？""如果一个论证者只给你看""支持他结论""的证据——他在建一个案例，不是在寻找真相。寻求反证的论证者更可信——因为他在""尝试推翻自己""。","general-methodology","P1","unverified-secondary-note","unknown","blocked-chapter-source","resolved-qualified","qualify"
